id_notificare,id_utilizator,mesaj,tip,citita,created_at
1,1207,"Contul dumneavoastră a fost actualizat. Dacă nu recunoașteți această acțiune, contactați-ne.",sistem,0,2026-04-06 23:34:46
2,428,Programarea din data 2026-04-05 a fost anulată. Puteți face o nouă programare oricând.,anulare,1,2026-04-11 17:13:40
3,510,Programarea dumneavoastră din data 2026-05-01 a fost confirmată cu succes.,confirmare,0,2026-03-06 01:01:52
4,1090,Programarea din data 2026-03-20 a fost anulată. Puteți face o nouă programare oricând.,anulare,0,2026-02-17 22:55:31
5,803,Aveți o programare mâine la ora 10:00. Vă rugăm să confirmați prezența.,reminder,0,2026-03-21 18:17:34
6,1047,"Contul dumneavoastră a fost actualizat. Dacă nu recunoașteți această acțiune, contactați-ne.",sistem,1,2026-02-15 09:49:06
7,1158,Programarea din data 2026-03-20 a fost anulată. Puteți face o nouă programare oricând.,anulare,0,2026-03-12 02:38:27
8,1036,Programarea din data 2026-04-23 a fost anulată. Puteți face o nouă programare oricând.,anulare,1,2026-03-09 21:37:27
9,164,"Contul dumneavoastră a fost actualizat. Dacă nu recunoașteți această acțiune, contactați-ne.",sistem,0,2026-03-02 18:51:36
10,539,Programarea din data 2026-03-20 a fost anulată. Puteți face o nouă programare oricând.,anulare,1,2026-04-03 10:50:52
11,396,"Contul dumneavoastră a fost actualizat. Dacă nu recunoașteți această acțiune, contactați-ne.",sistem,1,2026-03-13 11:21:39
12,1492,Programarea din data 2026-03-15 a fost anulată. Puteți face o nouă programare oricând.,anulare,0,2026-03-27 12:19:42
13,1021,Programarea dumneavoastră din data 2026-03-27 a fost confirmată cu succes.,confirmare,0,2026-03-20 12:11:20
14,735,Programarea dumneavoastră din data 2026-04-01 a fost confirmată cu succes.,confirmare,1,2026-03-09 09:45:31
15,1128,Programarea dumneavoastră din data 2026-04-21 a fost confirmată cu succes.,confirmare,0,2026-03-22 11:12:52
16,917,"Contul dumneavoastră a fost actualizat. Dacă nu recunoașteți această acțiune, contactați-ne.",sistem,0,2026-02-12 16:45:41
17,57,Programarea dumneavoastră din data 2026-03-13 a fost confirmată cu succes.,confirmare,1,2026-02-11 13:38:20
18,1024,Programarea din data 2026-05-09 a fost anulată. Puteți face o nouă programare oricând.,anulare,1,2026-04-08 11:17:01
19,147,Programarea dumneavoastră din data 2026-05-08 a fost confirmată cu succes.,confirmare,0,2026-04-04 00:35:25
20,475,Programarea dumneavoastră din data 2026-03-25 a fost confirmată cu succes.,confirmare,1,2026-03-10 20:45:23
21,1155,"Contul dumneavoastră a fost actualizat. Dacă nu recunoașteți această acțiune, contactați-ne.",sistem,1,2026-03-04 02:13:17
22,1173,"Contul dumneavoastră a fost actualizat. Dacă nu recunoașteți această acțiune, contactați-ne.",sistem,1,2026-04-01 17:15:28
23,768,Programarea din data 2026-03-14 a fost anulată. Puteți face o nouă programare oricând.,anulare,0,2026-03-10 21:26:34
24,1192,Aveți o programare mâine la ora 13:00. Vă rugăm să confirmați prezența.,reminder,1,2026-04-02 19:07:25
25,1491,Programarea din data 2026-03-25 a fost anulată. Puteți face o nouă programare oricând.,anulare,1,2026-04-03 11:02:46
26,1113,Programarea dumneavoastră din data 2026-03-18 a fost confirmată cu succes.,confirmare,0,2026-04-10 16:31:04
27,955,Programarea din data 2026-04-04 a fost anulată. Puteți face o nouă programare oricând.,anulare,1,2026-03-11 23:01:58
28,303,"Contul dumneavoastră a fost actualizat. Dacă nu recunoașteți această acțiune, contactați-ne.",sistem,1,2026-03-18 06:34:33
29,281,"Contul dumneavoastră a fost actualizat. Dacă nu recunoașteți această acțiune, contactați-ne.",sistem,1,2026-02-27 06:37:49
30,537,Aveți o programare mâine la ora 10:00. Vă rugăm să confirmați prezența.,reminder,1,2026-03-02 00:40:50
31,1006,Programarea din data 2026-03-27 a fost anulată. Puteți face o nouă programare oricând.,anulare,1,2026-02-28 11:53:45
32,1260,Programarea din data 2026-04-23 a fost anulată. Puteți face o nouă programare oricând.,anulare,1,2026-04-05 04:13:32
33,408,Programarea dumneavoastră din data 2026-03-22 a fost confirmată cu succes.,confirmare,0,2026-04-05 02:29:37
34,745,"Contul dumneavoastră a fost actualizat. Dacă nu recunoașteți această acțiune, contactați-ne.",sistem,0,2026-03-27 01:34:14
35,1469,"Contul dumneavoastră a fost actualizat. Dacă nu recunoașteți această acțiune, contactați-ne.",sistem,0,2026-03-17 14:07:12
36,878,Programarea din data 2026-05-05 a fost anulată. Puteți face o nouă programare oricând.,anulare,0,2026-03-09 22:07:16
37,166,Programarea dumneavoastră din data 2026-04-01 a fost confirmată cu succes.,confirmare,0,2026-02-26 14:32:04
38,1159,Programarea dumneavoastră din data 2026-05-01 a fost confirmată cu succes.,confirmare,0,2026-04-07 15:56:54
39,1378,Aveți o programare mâine la ora 08:00. Vă rugăm să confirmați prezența.,reminder,1,2026-03-20 02:39:53
40,406,"Contul dumneavoastră a fost actualizat. Dacă nu recunoașteți această acțiune, contactați-ne.",sistem,1,2026-02-28 21:26:30
41,578,"Contul dumneavoastră a fost actualizat. Dacă nu recunoașteți această acțiune, contactați-ne.",sistem,1,2026-03-01 11:01:11
42,838,"Contul dumneavoastră a fost actualizat. Dacă nu recunoașteți această acțiune, contactați-ne.",sistem,1,2026-03-28 21:08:23
43,481,Programarea din data 2026-05-05 a fost anulată. Puteți face o nouă programare oricând.,anulare,1,2026-03-06 05:29:41
44,1416,Programarea dumneavoastră din data 2026-05-02 a fost confirmată cu succes.,confirmare,1,2026-03-30 07:39:33
45,618,Aveți o programare mâine la ora 15:00. Vă rugăm să confirmați prezența.,reminder,1,2026-03-14 18:53:01
46,1297,Programarea din data 2026-05-02 a fost anulată. Puteți face o nouă programare oricând.,anulare,0,2026-02-20 17:17:44
47,481,"Contul dumneavoastră a fost actualizat. Dacă nu recunoașteți această acțiune, contactați-ne.",sistem,0,2026-03-06 10:07:13
48,334,Programarea din data 2026-03-26 a fost anulată. Puteți face o nouă programare oricând.,anulare,1,2026-03-20 15:35:30
49,880,Programarea dumneavoastră din data 2026-04-01 a fost confirmată cu succes.,confirmare,0,2026-03-25 08:26:48
50,322,Aveți o programare mâine la ora 11:00. Vă rugăm să confirmați prezența.,reminder,0,2026-02-25 18:00:49
51,570,Programarea dumneavoastră din data 2026-05-10 a fost confirmată cu succes.,confirmare,0,2026-03-18 15:05:01
52,739,Programarea din data 2026-04-15 a fost anulată. Puteți face o nouă programare oricând.,anulare,1,2026-02-27 06:31:03
53,525,"Contul dumneavoastră a fost actualizat. Dacă nu recunoașteți această acțiune, contactați-ne.",sistem,0,2026-03-16 16:46:55
54,424,Programarea din data 2026-03-25 a fost anulată. Puteți face o nouă programare oricând.,anulare,1,2026-02-25 15:27:24
55,35,Programarea dumneavoastră din data 2026-04-17 a fost confirmată cu succes.,confirmare,1,2026-03-31 02:45:13
56,1398,"Contul dumneavoastră a fost actualizat. Dacă nu recunoașteți această acțiune, contactați-ne.",sistem,1,2026-04-04 21:02:24
57,877,Programarea din data 2026-04-04 a fost anulată. Puteți face o nouă programare oricând.,anulare,1,2026-04-04 15:02:46
58,22,Aveți o programare mâine la ora 17:00. Vă rugăm să confirmați prezența.,reminder,0,2026-03-01 18:16:37
59,1474,Programarea din data 2026-03-15 a fost anulată. Puteți face o nouă programare oricând.,anulare,1,2026-03-13 10:46:20
60,619,Programarea dumneavoastră din data 2026-04-11 a fost confirmată cu succes.,confirmare,1,2026-03-23 18:31:04
61,641,Programarea din data 2026-05-01 a fost anulată. Puteți face o nouă programare oricând.,anulare,0,2026-03-16 20:41:12
62,96,"Contul dumneavoastră a fost actualizat. Dacă nu recunoașteți această acțiune, contactați-ne.",sistem,0,2026-03-02 07:55:12
63,923,Programarea din data 2026-03-17 a fost anulată. Puteți face o nouă programare oricând.,anulare,1,2026-03-09 11:39:08
64,11,"Contul dumneavoastră a fost actualizat. Dacă nu recunoașteți această acțiune, contactați-ne.",sistem,1,2026-04-04 08:34:00
65,1425,"Contul dumneavoastră a fost actualizat. Dacă nu recunoașteți această acțiune, contactați-ne.",sistem,1,2026-03-28 15:36:08
66,889,"Contul dumneavoastră a fost actualizat. Dacă nu recunoașteți această acțiune, contactați-ne.",sistem,1,2026-02-15 23:07:48
67,696,Programarea din data 2026-04-20 a fost anulată. Puteți face o nouă programare oricând.,anulare,1,2026-03-19 02:43:43
68,363,Programarea din data 2026-03-14 a fost anulată. Puteți face o nouă programare oricând.,anulare,0,2026-03-26 13:38:02
69,1057,"Contul dumneavoastră a fost actualizat. Dacă nu recunoașteți această acțiune, contactați-ne.",sistem,0,2026-03-10 03:55:14
70,65,Aveți o programare mâine la ora 10:00. Vă rugăm să confirmați prezența.,reminder,1,2026-04-09 23:25:44
71,1024,Programarea din data 2026-04-14 a fost anulată. Puteți face o nouă programare oricând.,anulare,1,2026-02-11 23:53:57
72,417,"Contul dumneavoastră a fost actualizat. Dacă nu recunoașteți această acțiune, contactați-ne.",sistem,0,2026-04-02 08:50:12
73,63,Programarea din data 2026-04-29 a fost anulată. Puteți face o nouă programare oricând.,anulare,1,2026-03-13 16:03:03
74,405,Programarea din data 2026-04-17 a fost anulată. Puteți face o nouă programare oricând.,anulare,0,2026-02-22 09:08:44
75,716,Programarea dumneavoastră din data 2026-03-30 a fost confirmată cu succes.,confirmare,1,2026-02-17 20:12:08
76,361,Aveți o programare mâine la ora 17:00. Vă rugăm să confirmați prezența.,reminder,0,2026-03-18 14:30:48
77,1331,"Contul dumneavoastră a fost actualizat. Dacă nu recunoașteți această acțiune, contactați-ne.",sistem,0,2026-04-04 10:28:45
78,147,Programarea dumneavoastră din data 2026-04-30 a fost confirmată cu succes.,confirmare,1,2026-02-17 05:25:30
79,20,"Contul dumneavoastră a fost actualizat. Dacă nu recunoașteți această acțiune, contactați-ne.",sistem,1,2026-03-21 03:03:45
80,683,"Contul dumneavoastră a fost actualizat. Dacă nu recunoașteți această acțiune, contactați-ne.",sistem,1,2026-02-17 23:10:15
81,226,"Contul dumneavoastră a fost actualizat. Dacă nu recunoașteți această acțiune, contactați-ne.",sistem,0,2026-04-09 09:13:07
82,90,Aveți o programare mâine la ora 11:00. Vă rugăm să confirmați prezența.,reminder,1,2026-03-21 23:50:10
83,435,Programarea dumneavoastră din data 2026-03-24 a fost confirmată cu succes.,confirmare,0,2026-03-03 23:12:48
84,598,Programarea dumneavoastră din data 2026-05-05 a fost confirmată cu succes.,confirmare,1,2026-03-31 06:33:42
85,142,Aveți o programare mâine la ora 17:00. Vă rugăm să confirmați prezența.,reminder,1,2026-03-10 01:52:02
86,811,"Contul dumneavoastră a fost actualizat. Dacă nu recunoașteți această acțiune, contactați-ne.",sistem,1,2026-03-18 02:32:22
87,1489,Aveți o programare mâine la ora 16:00. Vă rugăm să confirmați prezența.,reminder,1,2026-02-23 15:18:49
88,1179,Aveți o programare mâine la ora 15:00. Vă rugăm să confirmați prezența.,reminder,0,2026-03-03 00:52:55
89,447,Programarea din data 2026-05-01 a fost anulată. Puteți face o nouă programare oricând.,anulare,0,2026-03-24 17:53:38
90,1221,Programarea din data 2026-05-07 a fost anulată. Puteți face o nouă programare oricând.,anulare,1,2026-04-04 08:59:09
91,60,Programarea dumneavoastră din data 2026-04-08 a fost confirmată cu succes.,confirmare,0,2026-02-22 00:22:27
92,647,"Contul dumneavoastră a fost actualizat. Dacă nu recunoașteți această acțiune, contactați-ne.",sistem,1,2026-02-16 08:54:38
93,1279,"Contul dumneavoastră a fost actualizat. Dacă nu recunoașteți această acțiune, contactați-ne.",sistem,0,2026-04-10 21:22:10
94,284,Programarea din data 2026-04-12 a fost anulată. Puteți face o nouă programare oricând.,anulare,0,2026-04-08 22:24:14
95,1194,Programarea din data 2026-05-09 a fost anulată. Puteți face o nouă programare oricând.,anulare,1,2026-03-28 12:32:03
96,603,"Contul dumneavoastră a fost actualizat. Dacă nu recunoașteți această acțiune, contactați-ne.",sistem,1,2026-03-08 08:08:19
97,1273,"Contul dumneavoastră a fost actualizat. Dacă nu recunoașteți această acțiune, contactați-ne.",sistem,0,2026-03-02 19:42:45
98,1286,Programarea din data 2026-04-29 a fost anulată. Puteți face o nouă programare oricând.,anulare,0,2026-03-22 09:56:09
99,788,Programarea din data 2026-03-28 a fost anulată. Puteți face o nouă programare oricând.,anulare,0,2026-04-06 07:41:22
100,1179,Aveți o programare mâine la ora 13:00. Vă rugăm să confirmați prezența.,reminder,1,2026-03-25 13:32:37
101,406,"Contul dumneavoastră a fost actualizat. Dacă nu recunoașteți această acțiune, contactați-ne.",sistem,1,2026-03-20 02:29:28
102,519,Aveți o programare mâine la ora 09:00. Vă rugăm să confirmați prezența.,reminder,0,2026-03-08 15:34:02
103,658,Programarea din data 2026-04-25 a fost anulată. Puteți face o nouă programare oricând.,anulare,1,2026-02-28 11:47:45
104,500,"Contul dumneavoastră a fost actualizat. Dacă nu recunoașteți această acțiune, contactați-ne.",sistem,1,2026-04-04 21:48:37
105,929,Aveți o programare mâine la ora 13:00. Vă rugăm să confirmați prezența.,reminder,1,2026-03-28 23:16:21
106,504,"Contul dumneavoastră a fost actualizat. Dacă nu recunoașteți această acțiune, contactați-ne.",sistem,1,2026-03-31 05:28:01
107,1477,Programarea din data 2026-05-03 a fost anulată. Puteți face o nouă programare oricând.,anulare,1,2026-02-28 06:14:38
108,1229,Aveți o programare mâine la ora 09:00. Vă rugăm să confirmați prezența.,reminder,1,2026-04-08 23:30:04
109,1392,Aveți o programare mâine la ora 17:00. Vă rugăm să confirmați prezența.,reminder,1,2026-02-28 12:48:02
110,1248,Aveți o programare mâine la ora 17:00. Vă rugăm să confirmați prezența.,reminder,0,2026-04-04 21:42:11
111,189,Programarea din data 2026-04-13 a fost anulată. Puteți face o nouă programare oricând.,anulare,1,2026-03-03 00:34:47
112,1361,"Contul dumneavoastră a fost actualizat. Dacă nu recunoașteți această acțiune, contactați-ne.",sistem,1,2026-02-26 11:29:20
113,394,Aveți o programare mâine la ora 13:00. Vă rugăm să confirmați prezența.,reminder,0,2026-03-06 02:48:47
114,1016,Programarea din data 2026-05-10 a fost anulată. Puteți face o nouă programare oricând.,anulare,0,2026-03-20 02:07:32
115,1459,Programarea dumneavoastră din data 2026-05-05 a fost confirmată cu succes.,confirmare,0,2026-02-22 06:21:47
116,686,Aveți o programare mâine la ora 08:00. Vă rugăm să confirmați prezența.,reminder,0,2026-04-02 00:54:32
117,872,"Contul dumneavoastră a fost actualizat. Dacă nu recunoașteți această acțiune, contactați-ne.",sistem,1,2026-02-24 23:13:49
118,1327,"Contul dumneavoastră a fost actualizat. Dacă nu recunoașteți această acțiune, contactați-ne.",sistem,1,2026-02-15 06:13:13
119,294,Programarea din data 2026-04-01 a fost anulată. Puteți face o nouă programare oricând.,anulare,0,2026-03-04 04:59:50
120,1260,Aveți o programare mâine la ora 08:00. Vă rugăm să confirmați prezența.,reminder,0,2026-03-28 12:22:18
121,686,Aveți o programare mâine la ora 15:00. Vă rugăm să confirmați prezența.,reminder,0,2026-02-27 02:54:32
122,252,Aveți o programare mâine la ora 12:00. Vă rugăm să confirmați prezența.,reminder,1,2026-03-29 07:16:32
123,1082,Aveți o programare mâine la ora 11:00. Vă rugăm să confirmați prezența.,reminder,0,2026-03-18 19:07:03
124,55,Aveți o programare mâine la ora 18:00. Vă rugăm să confirmați prezența.,reminder,1,2026-03-02 02:59:59
125,67,Programarea dumneavoastră din data 2026-04-03 a fost confirmată cu succes.,confirmare,0,2026-02-16 20:50:36
126,961,Programarea din data 2026-04-04 a fost anulată. Puteți face o nouă programare oricând.,anulare,1,2026-03-21 13:09:04
127,649,Programarea dumneavoastră din data 2026-03-20 a fost confirmată cu succes.,confirmare,0,2026-02-14 10:24:43
128,858,Aveți o programare mâine la ora 14:00. Vă rugăm să confirmați prezența.,reminder,1,2026-03-09 21:03:06
129,1083,Programarea din data 2026-03-22 a fost anulată. Puteți face o nouă programare oricând.,anulare,0,2026-03-22 12:12:38
130,343,"Contul dumneavoastră a fost actualizat. Dacă nu recunoașteți această acțiune, contactați-ne.",sistem,1,2026-02-25 07:06:22
131,463,"Contul dumneavoastră a fost actualizat. Dacă nu recunoașteți această acțiune, contactați-ne.",sistem,0,2026-03-11 13:32:58
132,1102,"Contul dumneavoastră a fost actualizat. Dacă nu recunoașteți această acțiune, contactați-ne.",sistem,1,2026-02-25 19:30:27
133,1320,Programarea dumneavoastră din data 2026-05-07 a fost confirmată cu succes.,confirmare,0,2026-03-27 20:58:38
134,275,Aveți o programare mâine la ora 08:00. Vă rugăm să confirmați prezența.,reminder,1,2026-04-08 02:09:13
135,890,"Contul dumneavoastră a fost actualizat. Dacă nu recunoașteți această acțiune, contactați-ne.",sistem,0,2026-02-24 10:21:51
136,1081,Aveți o programare mâine la ora 16:00. Vă rugăm să confirmați prezența.,reminder,1,2026-03-10 08:39:46
137,405,Programarea dumneavoastră din data 2026-04-08 a fost confirmată cu succes.,confirmare,0,2026-02-12 16:40:26
138,913,Programarea dumneavoastră din data 2026-05-10 a fost confirmată cu succes.,confirmare,1,2026-03-08 17:42:05
139,1409,Programarea dumneavoastră din data 2026-03-19 a fost confirmată cu succes.,confirmare,0,2026-02-23 19:00:57
140,1196,Aveți o programare mâine la ora 19:00. Vă rugăm să confirmați prezența.,reminder,1,2026-03-02 09:56:42
141,670,Programarea din data 2026-04-30 a fost anulată. Puteți face o nouă programare oricând.,anulare,0,2026-04-11 04:21:09
142,430,Aveți o programare mâine la ora 18:00. Vă rugăm să confirmați prezența.,reminder,1,2026-03-03 00:39:25
143,508,"Contul dumneavoastră a fost actualizat. Dacă nu recunoașteți această acțiune, contactați-ne.",sistem,1,2026-04-11 08:09:24
144,1036,Aveți o programare mâine la ora 10:00. Vă rugăm să confirmați prezența.,reminder,0,2026-03-22 01:57:30
145,773,Programarea din data 2026-04-25 a fost anulată. Puteți face o nouă programare oricând.,anulare,1,2026-03-10 23:28:26
146,1303,Aveți o programare mâine la ora 18:00. Vă rugăm să confirmați prezența.,reminder,0,2026-03-19 23:25:30
147,931,Programarea din data 2026-05-08 a fost anulată. Puteți face o nouă programare oricând.,anulare,1,2026-02-15 14:14:47
148,515,Programarea dumneavoastră din data 2026-03-13 a fost confirmată cu succes.,confirmare,0,2026-03-17 15:14:53
149,551,Programarea din data 2026-04-19 a fost anulată. Puteți face o nouă programare oricând.,anulare,0,2026-03-02 20:38:27
150,965,Aveți o programare mâine la ora 08:00. Vă rugăm să confirmați prezența.,reminder,1,2026-03-30 07:43:06
151,1265,"Contul dumneavoastră a fost actualizat. Dacă nu recunoașteți această acțiune, contactați-ne.",sistem,1,2026-03-07 02:15:42
152,1185,Aveți o programare mâine la ora 15:00. Vă rugăm să confirmați prezența.,reminder,1,2026-03-31 15:46:43
153,457,Aveți o programare mâine la ora 12:00. Vă rugăm să confirmați prezența.,reminder,0,2026-03-11 11:23:40
154,670,Programarea din data 2026-04-14 a fost anulată. Puteți face o nouă programare oricând.,anulare,1,2026-03-24 02:05:02
155,716,Programarea din data 2026-05-08 a fost anulată. Puteți face o nouă programare oricând.,anulare,0,2026-03-03 22:43:08
156,960,Aveți o programare mâine la ora 08:00. Vă rugăm să confirmați prezența.,reminder,0,2026-02-28 16:53:04
157,805,Programarea dumneavoastră din data 2026-05-08 a fost confirmată cu succes.,confirmare,0,2026-03-02 07:26:15
158,1237,Programarea dumneavoastră din data 2026-04-25 a fost confirmată cu succes.,confirmare,1,2026-02-14 06:39:18
159,811,Programarea din data 2026-04-23 a fost anulată. Puteți face o nouă programare oricând.,anulare,0,2026-03-04 04:56:36
160,1272,Aveți o programare mâine la ora 11:00. Vă rugăm să confirmați prezența.,reminder,1,2026-02-25 06:09:14
161,714,Programarea dumneavoastră din data 2026-05-02 a fost confirmată cu succes.,confirmare,0,2026-04-02 09:40:51
162,886,Programarea dumneavoastră din data 2026-04-20 a fost confirmată cu succes.,confirmare,1,2026-03-14 22:03:16
163,216,Aveți o programare mâine la ora 09:00. Vă rugăm să confirmați prezența.,reminder,1,2026-04-06 00:22:34
164,1239,Programarea dumneavoastră din data 2026-04-29 a fost confirmată cu succes.,confirmare,0,2026-03-24 19:27:08
165,191,Aveți o programare mâine la ora 17:00. Vă rugăm să confirmați prezența.,reminder,1,2026-02-28 15:09:41
166,1179,"Contul dumneavoastră a fost actualizat. Dacă nu recunoașteți această acțiune, contactați-ne.",sistem,1,2026-04-02 00:19:03
167,12,Programarea dumneavoastră din data 2026-04-26 a fost confirmată cu succes.,confirmare,0,2026-03-14 10:23:12
168,11,Programarea dumneavoastră din data 2026-04-30 a fost confirmată cu succes.,confirmare,1,2026-03-11 14:07:35
169,1015,Programarea din data 2026-04-01 a fost anulată. Puteți face o nouă programare oricând.,anulare,1,2026-04-10 12:20:37
170,420,"Contul dumneavoastră a fost actualizat. Dacă nu recunoașteți această acțiune, contactați-ne.",sistem,1,2026-02-15 04:17:45
171,918,Programarea din data 2026-03-25 a fost anulată. Puteți face o nouă programare oricând.,anulare,0,2026-03-08 19:23:04
172,1087,Programarea din data 2026-03-21 a fost anulată. Puteți face o nouă programare oricând.,anulare,1,2026-04-08 05:49:40
173,117,Programarea dumneavoastră din data 2026-04-25 a fost confirmată cu succes.,confirmare,0,2026-03-10 11:11:04
174,1484,Programarea dumneavoastră din data 2026-04-05 a fost confirmată cu succes.,confirmare,0,2026-03-11 10:29:11
175,1167,Programarea dumneavoastră din data 2026-03-29 a fost confirmată cu succes.,confirmare,0,2026-02-12 11:24:59
176,881,Programarea dumneavoastră din data 2026-03-26 a fost confirmată cu succes.,confirmare,0,2026-03-01 22:59:00
177,688,Programarea dumneavoastră din data 2026-04-08 a fost confirmată cu succes.,confirmare,1,2026-03-02 23:44:08
178,645,Programarea din data 2026-03-14 a fost anulată. Puteți face o nouă programare oricând.,anulare,0,2026-04-02 12:35:37
179,709,Programarea dumneavoastră din data 2026-03-17 a fost confirmată cu succes.,confirmare,1,2026-02-28 18:41:54
180,878,Aveți o programare mâine la ora 19:00. Vă rugăm să confirmați prezența.,reminder,1,2026-03-17 02:21:32
181,811,"Contul dumneavoastră a fost actualizat. Dacă nu recunoașteți această acțiune, contactați-ne.",sistem,1,2026-02-14 12:02:16
182,193,"Contul dumneavoastră a fost actualizat. Dacă nu recunoașteți această acțiune, contactați-ne.",sistem,1,2026-02-28 02:36:51
183,46,Programarea dumneavoastră din data 2026-04-08 a fost confirmată cu succes.,confirmare,0,2026-04-06 02:00:24
184,1286,Programarea dumneavoastră din data 2026-04-25 a fost confirmată cu succes.,confirmare,0,2026-03-11 13:42:43
185,938,Programarea dumneavoastră din data 2026-03-27 a fost confirmată cu succes.,confirmare,0,2026-02-18 19:42:56
186,1038,Programarea din data 2026-03-19 a fost anulată. Puteți face o nouă programare oricând.,anulare,1,2026-03-02 04:53:33
187,697,Programarea din data 2026-04-12 a fost anulată. Puteți face o nouă programare oricând.,anulare,1,2026-02-20 04:22:56
188,628,Programarea dumneavoastră din data 2026-04-27 a fost confirmată cu succes.,confirmare,1,2026-03-29 03:45:37
189,1238,"Contul dumneavoastră a fost actualizat. Dacă nu recunoașteți această acțiune, contactați-ne.",sistem,0,2026-02-24 08:35:26
190,766,Programarea dumneavoastră din data 2026-04-28 a fost confirmată cu succes.,confirmare,0,2026-04-01 02:35:55
191,736,"Contul dumneavoastră a fost actualizat. Dacă nu recunoașteți această acțiune, contactați-ne.",sistem,1,2026-04-08 04:42:32
192,1072,Aveți o programare mâine la ora 08:00. Vă rugăm să confirmați prezența.,reminder,0,2026-04-08 19:40:26
193,915,Programarea dumneavoastră din data 2026-04-10 a fost confirmată cu succes.,confirmare,1,2026-03-10 17:15:27
194,355,Aveți o programare mâine la ora 14:00. Vă rugăm să confirmați prezența.,reminder,0,2026-03-15 01:48:50
195,1240,Programarea din data 2026-04-05 a fost anulată. Puteți face o nouă programare oricând.,anulare,1,2026-04-07 21:25:44
196,262,Aveți o programare mâine la ora 08:00. Vă rugăm să confirmați prezența.,reminder,1,2026-02-24 23:25:50
197,1158,Programarea dumneavoastră din data 2026-03-23 a fost confirmată cu succes.,confirmare,1,2026-03-26 03:30:16
198,27,Programarea dumneavoastră din data 2026-04-06 a fost confirmată cu succes.,confirmare,0,2026-03-14 07:35:54
199,506,Programarea dumneavoastră din data 2026-03-19 a fost confirmată cu succes.,confirmare,1,2026-03-29 04:07:30
200,1225,Programarea din data 2026-03-22 a fost anulată. Puteți face o nouă programare oricând.,anulare,1,2026-03-21 11:59:06
201,219,Aveți o programare mâine la ora 16:00. Vă rugăm să confirmați prezența.,reminder,1,2026-03-02 15:31:46
202,841,"Contul dumneavoastră a fost actualizat. Dacă nu recunoașteți această acțiune, contactați-ne.",sistem,0,2026-02-15 02:04:47
203,894,Aveți o programare mâine la ora 17:00. Vă rugăm să confirmați prezența.,reminder,1,2026-03-28 11:59:39
204,1151,Programarea dumneavoastră din data 2026-04-11 a fost confirmată cu succes.,confirmare,1,2026-03-09 12:19:32
205,1029,"Contul dumneavoastră a fost actualizat. Dacă nu recunoașteți această acțiune, contactați-ne.",sistem,0,2026-03-10 11:55:00
206,1348,"Contul dumneavoastră a fost actualizat. Dacă nu recunoașteți această acțiune, contactați-ne.",sistem,1,2026-02-11 13:00:59
207,947,"Contul dumneavoastră a fost actualizat. Dacă nu recunoașteți această acțiune, contactați-ne.",sistem,1,2026-03-18 23:18:57
208,1123,Programarea dumneavoastră din data 2026-03-23 a fost confirmată cu succes.,confirmare,1,2026-03-21 22:01:25
209,650,Programarea din data 2026-03-31 a fost anulată. Puteți face o nouă programare oricând.,anulare,0,2026-03-02 01:49:48
210,766,Aveți o programare mâine la ora 11:00. Vă rugăm să confirmați prezența.,reminder,0,2026-02-16 08:36:33
211,1499,Aveți o programare mâine la ora 12:00. Vă rugăm să confirmați prezența.,reminder,0,2026-04-05 09:23:15
212,571,Programarea din data 2026-04-18 a fost anulată. Puteți face o nouă programare oricând.,anulare,1,2026-02-14 05:59:11
213,875,Programarea din data 2026-04-28 a fost anulată. Puteți face o nouă programare oricând.,anulare,1,2026-03-31 21:32:08
214,189,Programarea dumneavoastră din data 2026-04-18 a fost confirmată cu succes.,confirmare,1,2026-04-03 08:52:38
215,319,Programarea dumneavoastră din data 2026-03-14 a fost confirmată cu succes.,confirmare,1,2026-03-27 14:20:04
216,335,"Contul dumneavoastră a fost actualizat. Dacă nu recunoașteți această acțiune, contactați-ne.",sistem,0,2026-04-09 18:47:21
217,381,Programarea din data 2026-04-13 a fost anulată. Puteți face o nouă programare oricând.,anulare,0,2026-02-18 17:40:16
218,754,Programarea dumneavoastră din data 2026-04-25 a fost confirmată cu succes.,confirmare,1,2026-02-24 12:46:10
219,123,"Contul dumneavoastră a fost actualizat. Dacă nu recunoașteți această acțiune, contactați-ne.",sistem,1,2026-02-16 20:08:41
220,782,Aveți o programare mâine la ora 19:00. Vă rugăm să confirmați prezența.,reminder,1,2026-04-03 17:47:18
221,157,Programarea dumneavoastră din data 2026-04-30 a fost confirmată cu succes.,confirmare,0,2026-02-25 09:49:13
222,1331,Programarea din data 2026-04-23 a fost anulată. Puteți face o nouă programare oricând.,anulare,1,2026-02-20 10:48:55
223,750,Aveți o programare mâine la ora 16:00. Vă rugăm să confirmați prezența.,reminder,0,2026-04-08 11:44:47
224,153,"Contul dumneavoastră a fost actualizat. Dacă nu recunoașteți această acțiune, contactați-ne.",sistem,1,2026-03-23 14:57:29
225,138,Programarea din data 2026-03-20 a fost anulată. Puteți face o nouă programare oricând.,anulare,0,2026-03-07 10:04:23
226,521,Programarea dumneavoastră din data 2026-04-25 a fost confirmată cu succes.,confirmare,1,2026-03-11 06:37:30
227,1489,"Contul dumneavoastră a fost actualizat. Dacă nu recunoașteți această acțiune, contactați-ne.",sistem,0,2026-04-07 10:21:26
228,196,Programarea din data 2026-03-18 a fost anulată. Puteți face o nouă programare oricând.,anulare,0,2026-04-08 03:34:10
229,1091,"Contul dumneavoastră a fost actualizat. Dacă nu recunoașteți această acțiune, contactați-ne.",sistem,0,2026-03-11 23:34:47
230,556,Programarea dumneavoastră din data 2026-04-18 a fost confirmată cu succes.,confirmare,1,2026-03-25 14:25:59
231,710,"Contul dumneavoastră a fost actualizat. Dacă nu recunoașteți această acțiune, contactați-ne.",sistem,1,2026-03-08 03:03:53
232,331,Programarea din data 2026-04-01 a fost anulată. Puteți face o nouă programare oricând.,anulare,1,2026-03-13 13:16:17
233,6,"Contul dumneavoastră a fost actualizat. Dacă nu recunoașteți această acțiune, contactați-ne.",sistem,1,2026-03-09 20:25:25
234,554,Programarea din data 2026-05-06 a fost anulată. Puteți face o nouă programare oricând.,anulare,0,2026-04-10 05:42:24
235,268,Aveți o programare mâine la ora 09:00. Vă rugăm să confirmați prezența.,reminder,1,2026-03-06 23:18:29
236,351,Aveți o programare mâine la ora 12:00. Vă rugăm să confirmați prezența.,reminder,0,2026-04-03 23:47:46
237,1062,Programarea din data 2026-04-07 a fost anulată. Puteți face o nouă programare oricând.,anulare,1,2026-02-19 20:36:32
238,445,"Contul dumneavoastră a fost actualizat. Dacă nu recunoașteți această acțiune, contactați-ne.",sistem,1,2026-04-08 06:57:36
239,1484,"Contul dumneavoastră a fost actualizat. Dacă nu recunoașteți această acțiune, contactați-ne.",sistem,1,2026-03-30 13:58:53
240,1208,Programarea din data 2026-03-12 a fost anulată. Puteți face o nouă programare oricând.,anulare,0,2026-02-24 11:49:24
241,786,"Contul dumneavoastră a fost actualizat. Dacă nu recunoașteți această acțiune, contactați-ne.",sistem,1,2026-04-02 09:31:33
242,888,Programarea din data 2026-04-26 a fost anulată. Puteți face o nouă programare oricând.,anulare,0,2026-02-14 17:32:33
243,1402,Programarea dumneavoastră din data 2026-04-27 a fost confirmată cu succes.,confirmare,1,2026-03-31 23:22:29
244,1165,Aveți o programare mâine la ora 13:00. Vă rugăm să confirmați prezența.,reminder,0,2026-04-05 22:07:57
245,281,"Contul dumneavoastră a fost actualizat. Dacă nu recunoașteți această acțiune, contactați-ne.",sistem,1,2026-03-19 15:28:15
246,726,Programarea dumneavoastră din data 2026-03-18 a fost confirmată cu succes.,confirmare,0,2026-02-13 14:57:15
247,400,Aveți o programare mâine la ora 11:00. Vă rugăm să confirmați prezența.,reminder,1,2026-03-27 14:19:15
248,1203,Aveți o programare mâine la ora 16:00. Vă rugăm să confirmați prezența.,reminder,0,2026-02-16 17:12:58
249,801,"Contul dumneavoastră a fost actualizat. Dacă nu recunoașteți această acțiune, contactați-ne.",sistem,1,2026-03-05 18:42:21
250,1067,"Contul dumneavoastră a fost actualizat. Dacă nu recunoașteți această acțiune, contactați-ne.",sistem,1,2026-03-31 05:11:30
251,1277,Aveți o programare mâine la ora 18:00. Vă rugăm să confirmați prezența.,reminder,0,2026-03-05 12:52:14
252,1322,Programarea dumneavoastră din data 2026-03-24 a fost confirmată cu succes.,confirmare,0,2026-03-21 07:43:05
253,91,Programarea dumneavoastră din data 2026-04-23 a fost confirmată cu succes.,confirmare,0,2026-03-22 00:58:41
254,1375,Programarea dumneavoastră din data 2026-03-20 a fost confirmată cu succes.,confirmare,1,2026-02-24 22:15:32
255,779,Aveți o programare mâine la ora 16:00. Vă rugăm să confirmați prezența.,reminder,1,2026-03-14 02:43:37
256,164,"Contul dumneavoastră a fost actualizat. Dacă nu recunoașteți această acțiune, contactați-ne.",sistem,1,2026-04-08 18:06:04
257,762,Programarea din data 2026-03-27 a fost anulată. Puteți face o nouă programare oricând.,anulare,1,2026-03-15 04:54:31
258,359,Programarea din data 2026-03-18 a fost anulată. Puteți face o nouă programare oricând.,anulare,0,2026-03-12 11:48:24
259,323,Aveți o programare mâine la ora 13:00. Vă rugăm să confirmați prezența.,reminder,1,2026-04-07 05:50:23
260,711,Aveți o programare mâine la ora 13:00. Vă rugăm să confirmați prezența.,reminder,0,2026-03-14 12:46:39
261,837,Programarea din data 2026-04-10 a fost anulată. Puteți face o nouă programare oricând.,anulare,0,2026-04-05 06:38:05
262,170,Aveți o programare mâine la ora 19:00. Vă rugăm să confirmați prezența.,reminder,0,2026-03-19 01:57:41
263,12,Programarea dumneavoastră din data 2026-03-25 a fost confirmată cu succes.,confirmare,0,2026-03-15 02:44:42
264,1343,Aveți o programare mâine la ora 15:00. Vă rugăm să confirmați prezența.,reminder,1,2026-02-21 10:22:09
265,274,"Contul dumneavoastră a fost actualizat. Dacă nu recunoașteți această acțiune, contactați-ne.",sistem,1,2026-04-06 15:03:01
266,353,"Contul dumneavoastră a fost actualizat. Dacă nu recunoașteți această acțiune, contactați-ne.",sistem,1,2026-02-24 02:28:09
267,179,Aveți o programare mâine la ora 08:00. Vă rugăm să confirmați prezența.,reminder,1,2026-03-31 03:45:25
268,1262,Aveți o programare mâine la ora 18:00. Vă rugăm să confirmați prezența.,reminder,0,2026-03-28 17:27:08
269,978,"Contul dumneavoastră a fost actualizat. Dacă nu recunoașteți această acțiune, contactați-ne.",sistem,0,2026-04-10 08:45:16
270,621,"Contul dumneavoastră a fost actualizat. Dacă nu recunoașteți această acțiune, contactați-ne.",sistem,0,2026-03-24 05:18:39
271,463,"Contul dumneavoastră a fost actualizat. Dacă nu recunoașteți această acțiune, contactați-ne.",sistem,0,2026-03-13 19:50:50
272,1144,"Contul dumneavoastră a fost actualizat. Dacă nu recunoașteți această acțiune, contactați-ne.",sistem,1,2026-02-12 18:19:02
273,236,Programarea din data 2026-03-22 a fost anulată. Puteți face o nouă programare oricând.,anulare,1,2026-02-12 08:29:26
274,55,Aveți o programare mâine la ora 12:00. Vă rugăm să confirmați prezența.,reminder,0,2026-03-02 18:21:04
275,28,Programarea dumneavoastră din data 2026-05-02 a fost confirmată cu succes.,confirmare,1,2026-04-01 05:37:25
276,155,"Contul dumneavoastră a fost actualizat. Dacă nu recunoașteți această acțiune, contactați-ne.",sistem,1,2026-04-08 21:58:26
277,20,Programarea dumneavoastră din data 2026-03-27 a fost confirmată cu succes.,confirmare,1,2026-02-26 11:48:29
278,444,Programarea dumneavoastră din data 2026-04-02 a fost confirmată cu succes.,confirmare,1,2026-03-15 13:01:47
279,503,"Contul dumneavoastră a fost actualizat. Dacă nu recunoașteți această acțiune, contactați-ne.",sistem,0,2026-02-25 22:40:02
280,693,Programarea dumneavoastră din data 2026-03-30 a fost confirmată cu succes.,confirmare,1,2026-03-12 01:05:23
281,299,"Contul dumneavoastră a fost actualizat. Dacă nu recunoașteți această acțiune, contactați-ne.",sistem,1,2026-04-01 00:02:45
282,643,"Contul dumneavoastră a fost actualizat. Dacă nu recunoașteți această acțiune, contactați-ne.",sistem,0,2026-04-08 23:01:33
283,13,Programarea dumneavoastră din data 2026-04-02 a fost confirmată cu succes.,confirmare,1,2026-02-28 05:50:01
284,1129,Programarea dumneavoastră din data 2026-04-11 a fost confirmată cu succes.,confirmare,0,2026-03-11 20:51:35
285,840,Aveți o programare mâine la ora 08:00. Vă rugăm să confirmați prezența.,reminder,1,2026-03-17 19:45:23
286,353,Programarea din data 2026-03-19 a fost anulată. Puteți face o nouă programare oricând.,anulare,1,2026-02-13 22:16:42
287,366,Aveți o programare mâine la ora 16:00. Vă rugăm să confirmați prezența.,reminder,1,2026-03-09 10:25:20
288,341,Aveți o programare mâine la ora 08:00. Vă rugăm să confirmați prezența.,reminder,0,2026-03-01 00:45:37
289,1422,Aveți o programare mâine la ora 15:00. Vă rugăm să confirmați prezența.,reminder,1,2026-02-26 16:17:18
290,1091,Aveți o programare mâine la ora 14:00. Vă rugăm să confirmați prezența.,reminder,1,2026-02-20 03:39:04
291,210,Programarea din data 2026-04-13 a fost anulată. Puteți face o nouă programare oricând.,anulare,1,2026-03-18 11:18:50
292,5,Aveți o programare mâine la ora 09:00. Vă rugăm să confirmați prezența.,reminder,0,2026-03-31 13:56:38
293,1023,Aveți o programare mâine la ora 16:00. Vă rugăm să confirmați prezența.,reminder,1,2026-04-06 17:01:21
294,1103,"Contul dumneavoastră a fost actualizat. Dacă nu recunoașteți această acțiune, contactați-ne.",sistem,0,2026-03-22 16:12:36
295,972,"Contul dumneavoastră a fost actualizat. Dacă nu recunoașteți această acțiune, contactați-ne.",sistem,0,2026-03-07 06:55:54
296,1184,Programarea dumneavoastră din data 2026-04-26 a fost confirmată cu succes.,confirmare,1,2026-04-08 12:02:59
297,1180,Programarea dumneavoastră din data 2026-05-10 a fost confirmată cu succes.,confirmare,1,2026-02-25 04:33:18
298,1100,Programarea dumneavoastră din data 2026-04-28 a fost confirmată cu succes.,confirmare,1,2026-04-08 23:10:07
299,856,Aveți o programare mâine la ora 17:00. Vă rugăm să confirmați prezența.,reminder,0,2026-04-03 10:44:15
300,1111,Programarea dumneavoastră din data 2026-03-26 a fost confirmată cu succes.,confirmare,1,2026-04-10 20:43:14
301,662,Programarea dumneavoastră din data 2026-04-07 a fost confirmată cu succes.,confirmare,1,2026-02-19 03:31:22
302,1026,Aveți o programare mâine la ora 08:00. Vă rugăm să confirmați prezența.,reminder,0,2026-03-24 05:56:57
303,853,"Contul dumneavoastră a fost actualizat. Dacă nu recunoașteți această acțiune, contactați-ne.",sistem,1,2026-02-26 04:37:56
304,1304,Aveți o programare mâine la ora 13:00. Vă rugăm să confirmați prezența.,reminder,1,2026-03-31 00:57:48
305,115,Programarea dumneavoastră din data 2026-04-22 a fost confirmată cu succes.,confirmare,1,2026-02-22 07:59:29
306,87,Aveți o programare mâine la ora 09:00. Vă rugăm să confirmați prezența.,reminder,1,2026-03-08 11:10:26
307,705,"Contul dumneavoastră a fost actualizat. Dacă nu recunoașteți această acțiune, contactați-ne.",sistem,1,2026-03-05 09:09:18
308,346,Aveți o programare mâine la ora 19:00. Vă rugăm să confirmați prezența.,reminder,1,2026-03-27 12:17:40
309,1176,"Contul dumneavoastră a fost actualizat. Dacă nu recunoașteți această acțiune, contactați-ne.",sistem,1,2026-02-20 08:23:24
310,1363,"Contul dumneavoastră a fost actualizat. Dacă nu recunoașteți această acțiune, contactați-ne.",sistem,1,2026-03-10 00:47:59
311,165,Programarea din data 2026-04-26 a fost anulată. Puteți face o nouă programare oricând.,anulare,1,2026-03-17 22:26:31
312,1156,"Contul dumneavoastră a fost actualizat. Dacă nu recunoașteți această acțiune, contactați-ne.",sistem,0,2026-03-25 16:06:29
313,343,Programarea din data 2026-04-30 a fost anulată. Puteți face o nouă programare oricând.,anulare,0,2026-04-03 13:03:06
314,333,Programarea dumneavoastră din data 2026-03-12 a fost confirmată cu succes.,confirmare,1,2026-02-24 17:11:06
315,399,"Contul dumneavoastră a fost actualizat. Dacă nu recunoașteți această acțiune, contactați-ne.",sistem,0,2026-02-27 22:29:19
316,1241,Aveți o programare mâine la ora 17:00. Vă rugăm să confirmați prezența.,reminder,1,2026-04-07 09:14:31
317,228,Programarea dumneavoastră din data 2026-03-18 a fost confirmată cu succes.,confirmare,1,2026-02-11 00:25:19
318,19,Programarea din data 2026-03-22 a fost anulată. Puteți face o nouă programare oricând.,anulare,0,2026-03-26 14:58:56
319,1031,Programarea dumneavoastră din data 2026-03-13 a fost confirmată cu succes.,confirmare,0,2026-02-13 20:10:33
320,816,"Contul dumneavoastră a fost actualizat. Dacă nu recunoașteți această acțiune, contactați-ne.",sistem,1,2026-04-11 06:05:09
321,514,Aveți o programare mâine la ora 12:00. Vă rugăm să confirmați prezența.,reminder,0,2026-03-21 15:40:13
322,1269,"Contul dumneavoastră a fost actualizat. Dacă nu recunoașteți această acțiune, contactați-ne.",sistem,0,2026-02-15 00:17:43
323,53,Aveți o programare mâine la ora 08:00. Vă rugăm să confirmați prezența.,reminder,0,2026-04-05 20:07:45
324,1395,"Contul dumneavoastră a fost actualizat. Dacă nu recunoașteți această acțiune, contactați-ne.",sistem,1,2026-03-31 06:38:45
325,595,Programarea dumneavoastră din data 2026-03-20 a fost confirmată cu succes.,confirmare,1,2026-03-30 02:21:53
326,82,"Contul dumneavoastră a fost actualizat. Dacă nu recunoașteți această acțiune, contactați-ne.",sistem,1,2026-02-14 18:37:23
327,154,Aveți o programare mâine la ora 12:00. Vă rugăm să confirmați prezența.,reminder,1,2026-03-15 11:04:26
328,1265,Programarea dumneavoastră din data 2026-03-25 a fost confirmată cu succes.,confirmare,1,2026-04-09 19:51:21
329,717,Programarea dumneavoastră din data 2026-04-30 a fost confirmată cu succes.,confirmare,1,2026-03-02 01:49:49
330,354,Programarea din data 2026-03-23 a fost anulată. Puteți face o nouă programare oricând.,anulare,1,2026-04-03 14:26:53
331,310,Aveți o programare mâine la ora 08:00. Vă rugăm să confirmați prezența.,reminder,1,2026-03-04 17:57:51
332,1392,Programarea dumneavoastră din data 2026-04-22 a fost confirmată cu succes.,confirmare,1,2026-03-18 00:58:20
333,1062,"Contul dumneavoastră a fost actualizat. Dacă nu recunoașteți această acțiune, contactați-ne.",sistem,1,2026-04-08 06:50:04
334,378,Programarea dumneavoastră din data 2026-04-30 a fost confirmată cu succes.,confirmare,1,2026-02-15 00:23:50
335,1389,"Contul dumneavoastră a fost actualizat. Dacă nu recunoașteți această acțiune, contactați-ne.",sistem,1,2026-02-26 16:46:28
336,763,"Contul dumneavoastră a fost actualizat. Dacă nu recunoașteți această acțiune, contactați-ne.",sistem,0,2026-02-16 08:27:41
337,1133,Aveți o programare mâine la ora 08:00. Vă rugăm să confirmați prezența.,reminder,1,2026-02-27 19:48:33
338,355,"Contul dumneavoastră a fost actualizat. Dacă nu recunoașteți această acțiune, contactați-ne.",sistem,0,2026-02-17 20:37:43
339,1073,Programarea dumneavoastră din data 2026-04-23 a fost confirmată cu succes.,confirmare,0,2026-02-12 18:56:27
340,1060,"Contul dumneavoastră a fost actualizat. Dacă nu recunoașteți această acțiune, contactați-ne.",sistem,0,2026-03-20 13:23:22
341,1217,"Contul dumneavoastră a fost actualizat. Dacă nu recunoașteți această acțiune, contactați-ne.",sistem,1,2026-02-11 16:32:45
342,88,Programarea dumneavoastră din data 2026-04-23 a fost confirmată cu succes.,confirmare,1,2026-03-09 04:37:11
343,540,"Contul dumneavoastră a fost actualizat. Dacă nu recunoașteți această acțiune, contactați-ne.",sistem,0,2026-03-23 05:02:18
344,787,"Contul dumneavoastră a fost actualizat. Dacă nu recunoașteți această acțiune, contactați-ne.",sistem,1,2026-04-09 14:54:57
345,439,"Contul dumneavoastră a fost actualizat. Dacă nu recunoașteți această acțiune, contactați-ne.",sistem,0,2026-02-26 08:49:51
346,1158,Programarea din data 2026-05-06 a fost anulată. Puteți face o nouă programare oricând.,anulare,0,2026-03-14 14:48:39
347,1485,Aveți o programare mâine la ora 19:00. Vă rugăm să confirmați prezența.,reminder,1,2026-03-02 19:09:12
348,847,Aveți o programare mâine la ora 19:00. Vă rugăm să confirmați prezența.,reminder,1,2026-03-14 18:27:09
349,239,Aveți o programare mâine la ora 13:00. Vă rugăm să confirmați prezența.,reminder,0,2026-03-14 17:59:31
350,1341,Aveți o programare mâine la ora 09:00. Vă rugăm să confirmați prezența.,reminder,0,2026-02-12 00:58:18
351,933,"Contul dumneavoastră a fost actualizat. Dacă nu recunoașteți această acțiune, contactați-ne.",sistem,1,2026-03-01 15:17:05
352,282,Programarea din data 2026-04-10 a fost anulată. Puteți face o nouă programare oricând.,anulare,0,2026-03-21 15:39:35
353,299,"Contul dumneavoastră a fost actualizat. Dacă nu recunoașteți această acțiune, contactați-ne.",sistem,0,2026-03-16 00:22:45
354,1225,Aveți o programare mâine la ora 16:00. Vă rugăm să confirmați prezența.,reminder,0,2026-04-08 03:26:00
355,1166,Aveți o programare mâine la ora 08:00. Vă rugăm să confirmați prezența.,reminder,0,2026-02-22 21:33:33
356,1003,Programarea dumneavoastră din data 2026-04-25 a fost confirmată cu succes.,confirmare,1,2026-03-25 02:30:28
357,1240,Programarea din data 2026-03-25 a fost anulată. Puteți face o nouă programare oricând.,anulare,0,2026-02-10 20:35:27
358,1255,Aveți o programare mâine la ora 11:00. Vă rugăm să confirmați prezența.,reminder,1,2026-03-05 10:20:36
359,1075,Aveți o programare mâine la ora 15:00. Vă rugăm să confirmați prezența.,reminder,1,2026-02-19 12:06:21
360,671,"Contul dumneavoastră a fost actualizat. Dacă nu recunoașteți această acțiune, contactați-ne.",sistem,1,2026-03-29 18:34:32
361,746,Aveți o programare mâine la ora 11:00. Vă rugăm să confirmați prezența.,reminder,1,2026-03-03 15:43:06
362,988,"Contul dumneavoastră a fost actualizat. Dacă nu recunoașteți această acțiune, contactați-ne.",sistem,1,2026-03-16 12:53:01
363,1015,Programarea din data 2026-04-18 a fost anulată. Puteți face o nouă programare oricând.,anulare,1,2026-02-20 08:08:40
364,669,Aveți o programare mâine la ora 08:00. Vă rugăm să confirmați prezența.,reminder,1,2026-03-25 17:02:30
365,602,Programarea dumneavoastră din data 2026-03-27 a fost confirmată cu succes.,confirmare,0,2026-03-17 21:03:32
366,417,Programarea din data 2026-04-02 a fost anulată. Puteți face o nouă programare oricând.,anulare,1,2026-04-11 05:51:13
367,564,Aveți o programare mâine la ora 16:00. Vă rugăm să confirmați prezența.,reminder,0,2026-03-16 11:51:19
368,1064,Programarea dumneavoastră din data 2026-04-17 a fost confirmată cu succes.,confirmare,0,2026-04-07 14:23:10
369,57,"Contul dumneavoastră a fost actualizat. Dacă nu recunoașteți această acțiune, contactați-ne.",sistem,1,2026-03-21 12:37:15
370,870,Aveți o programare mâine la ora 08:00. Vă rugăm să confirmați prezența.,reminder,0,2026-02-26 07:47:02
371,1044,Programarea din data 2026-04-15 a fost anulată. Puteți face o nouă programare oricând.,anulare,1,2026-03-26 02:18:37
372,462,Programarea dumneavoastră din data 2026-04-02 a fost confirmată cu succes.,confirmare,1,2026-03-30 05:48:20
373,1299,Aveți o programare mâine la ora 16:00. Vă rugăm să confirmați prezența.,reminder,1,2026-02-18 05:23:35
374,834,Programarea dumneavoastră din data 2026-03-24 a fost confirmată cu succes.,confirmare,1,2026-04-04 16:53:03
375,900,"Contul dumneavoastră a fost actualizat. Dacă nu recunoașteți această acțiune, contactați-ne.",sistem,1,2026-02-14 16:34:43
376,1005,Programarea dumneavoastră din data 2026-04-15 a fost confirmată cu succes.,confirmare,1,2026-03-29 16:37:43
377,924,Programarea din data 2026-03-13 a fost anulată. Puteți face o nouă programare oricând.,anulare,1,2026-03-03 23:40:51
378,155,Programarea dumneavoastră din data 2026-03-13 a fost confirmată cu succes.,confirmare,0,2026-03-04 06:06:44
379,421,Programarea dumneavoastră din data 2026-04-30 a fost confirmată cu succes.,confirmare,0,2026-03-04 03:39:00
380,276,Programarea din data 2026-04-26 a fost anulată. Puteți face o nouă programare oricând.,anulare,0,2026-04-04 08:50:05
381,484,"Contul dumneavoastră a fost actualizat. Dacă nu recunoașteți această acțiune, contactați-ne.",sistem,0,2026-04-10 08:57:47
382,1366,Programarea dumneavoastră din data 2026-04-24 a fost confirmată cu succes.,confirmare,0,2026-03-30 09:24:08
383,278,Programarea dumneavoastră din data 2026-03-26 a fost confirmată cu succes.,confirmare,0,2026-03-01 20:51:35
384,370,Programarea din data 2026-04-07 a fost anulată. Puteți face o nouă programare oricând.,anulare,1,2026-03-15 07:04:07
385,677,"Contul dumneavoastră a fost actualizat. Dacă nu recunoașteți această acțiune, contactați-ne.",sistem,1,2026-04-07 16:52:05
386,555,Programarea din data 2026-04-04 a fost anulată. Puteți face o nouă programare oricând.,anulare,1,2026-04-05 18:49:32
387,862,"Contul dumneavoastră a fost actualizat. Dacă nu recunoașteți această acțiune, contactați-ne.",sistem,1,2026-04-02 00:09:01
388,781,Aveți o programare mâine la ora 08:00. Vă rugăm să confirmați prezența.,reminder,1,2026-02-12 20:00:14
389,1311,"Contul dumneavoastră a fost actualizat. Dacă nu recunoașteți această acțiune, contactați-ne.",sistem,0,2026-03-18 09:10:47
390,1329,Programarea din data 2026-03-29 a fost anulată. Puteți face o nouă programare oricând.,anulare,0,2026-03-21 21:05:58
391,1002,Programarea din data 2026-03-21 a fost anulată. Puteți face o nouă programare oricând.,anulare,1,2026-02-23 23:12:25
392,802,Programarea dumneavoastră din data 2026-03-24 a fost confirmată cu succes.,confirmare,0,2026-02-14 06:57:46
393,1325,"Contul dumneavoastră a fost actualizat. Dacă nu recunoașteți această acțiune, contactați-ne.",sistem,1,2026-03-07 09:59:45
394,1045,Aveți o programare mâine la ora 11:00. Vă rugăm să confirmați prezența.,reminder,1,2026-03-08 13:33:13
395,26,Programarea dumneavoastră din data 2026-03-12 a fost confirmată cu succes.,confirmare,1,2026-02-26 05:18:11
396,1092,Programarea din data 2026-03-22 a fost anulată. Puteți face o nouă programare oricând.,anulare,0,2026-02-13 01:07:06
397,193,Programarea din data 2026-03-28 a fost anulată. Puteți face o nouă programare oricând.,anulare,1,2026-03-26 04:54:01
398,1353,Programarea dumneavoastră din data 2026-03-17 a fost confirmată cu succes.,confirmare,1,2026-02-10 23:23:25
399,1346,Aveți o programare mâine la ora 16:00. Vă rugăm să confirmați prezența.,reminder,1,2026-04-04 03:33:10
400,754,Programarea dumneavoastră din data 2026-05-01 a fost confirmată cu succes.,confirmare,1,2026-04-10 08:34:04
401,401,Aveți o programare mâine la ora 17:00. Vă rugăm să confirmați prezența.,reminder,1,2026-03-01 20:38:27
402,810,Programarea din data 2026-04-15 a fost anulată. Puteți face o nouă programare oricând.,anulare,1,2026-03-17 17:01:18
403,1156,Aveți o programare mâine la ora 19:00. Vă rugăm să confirmați prezența.,reminder,1,2026-03-06 04:17:17
404,382,Aveți o programare mâine la ora 17:00. Vă rugăm să confirmați prezența.,reminder,1,2026-02-26 16:11:51
405,998,Aveți o programare mâine la ora 19:00. Vă rugăm să confirmați prezența.,reminder,0,2026-03-02 12:33:47
406,181,Aveți o programare mâine la ora 09:00. Vă rugăm să confirmați prezența.,reminder,1,2026-04-02 06:13:04
407,518,Programarea dumneavoastră din data 2026-04-08 a fost confirmată cu succes.,confirmare,1,2026-02-28 21:13:39
408,1041,Aveți o programare mâine la ora 16:00. Vă rugăm să confirmați prezența.,reminder,1,2026-03-23 20:29:51
409,818,Programarea din data 2026-05-10 a fost anulată. Puteți face o nouă programare oricând.,anulare,1,2026-04-08 06:26:21
410,966,"Contul dumneavoastră a fost actualizat. Dacă nu recunoașteți această acțiune, contactați-ne.",sistem,0,2026-02-24 02:22:01
411,1206,Aveți o programare mâine la ora 13:00. Vă rugăm să confirmați prezența.,reminder,0,2026-03-03 07:54:30
412,1037,Programarea din data 2026-04-17 a fost anulată. Puteți face o nouă programare oricând.,anulare,1,2026-03-10 06:26:56
413,213,Programarea din data 2026-03-19 a fost anulată. Puteți face o nouă programare oricând.,anulare,1,2026-03-24 00:03:56
414,480,Programarea din data 2026-03-13 a fost anulată. Puteți face o nouă programare oricând.,anulare,0,2026-03-25 23:02:10
415,622,"Contul dumneavoastră a fost actualizat. Dacă nu recunoașteți această acțiune, contactați-ne.",sistem,1,2026-03-02 12:09:10
416,693,"Contul dumneavoastră a fost actualizat. Dacă nu recunoașteți această acțiune, contactați-ne.",sistem,0,2026-04-10 21:50:57
417,119,Programarea din data 2026-03-24 a fost anulată. Puteți face o nouă programare oricând.,anulare,1,2026-04-05 13:53:43
418,1350,"Contul dumneavoastră a fost actualizat. Dacă nu recunoașteți această acțiune, contactați-ne.",sistem,1,2026-04-01 17:29:02
419,52,"Contul dumneavoastră a fost actualizat. Dacă nu recunoașteți această acțiune, contactați-ne.",sistem,1,2026-04-10 05:34:17
420,591,Programarea dumneavoastră din data 2026-05-05 a fost confirmată cu succes.,confirmare,1,2026-02-20 08:11:25
421,1488,Programarea din data 2026-04-27 a fost anulată. Puteți face o nouă programare oricând.,anulare,1,2026-03-22 05:49:11
422,963,"Contul dumneavoastră a fost actualizat. Dacă nu recunoașteți această acțiune, contactați-ne.",sistem,1,2026-03-31 00:33:28
423,1497,Programarea din data 2026-05-01 a fost anulată. Puteți face o nouă programare oricând.,anulare,1,2026-02-24 02:59:17
424,921,Aveți o programare mâine la ora 14:00. Vă rugăm să confirmați prezența.,reminder,1,2026-02-27 08:24:13
425,517,"Contul dumneavoastră a fost actualizat. Dacă nu recunoașteți această acțiune, contactați-ne.",sistem,0,2026-02-15 23:46:29
426,934,Programarea din data 2026-03-19 a fost anulată. Puteți face o nouă programare oricând.,anulare,1,2026-03-18 14:33:39
427,272,Programarea dumneavoastră din data 2026-04-13 a fost confirmată cu succes.,confirmare,1,2026-02-23 07:30:08
428,839,Aveți o programare mâine la ora 11:00. Vă rugăm să confirmați prezența.,reminder,1,2026-04-03 06:47:24
429,126,Programarea dumneavoastră din data 2026-04-21 a fost confirmată cu succes.,confirmare,1,2026-03-10 20:23:21
430,185,Programarea dumneavoastră din data 2026-04-17 a fost confirmată cu succes.,confirmare,1,2026-03-13 13:27:26
431,403,"Contul dumneavoastră a fost actualizat. Dacă nu recunoașteți această acțiune, contactați-ne.",sistem,1,2026-03-19 00:14:48
432,729,Aveți o programare mâine la ora 14:00. Vă rugăm să confirmați prezența.,reminder,1,2026-04-09 10:22:07
433,288,Programarea dumneavoastră din data 2026-04-12 a fost confirmată cu succes.,confirmare,0,2026-03-12 06:38:27
434,120,Programarea din data 2026-04-05 a fost anulată. Puteți face o nouă programare oricând.,anulare,1,2026-02-17 07:27:18
435,455,Aveți o programare mâine la ora 14:00. Vă rugăm să confirmați prezența.,reminder,1,2026-03-08 23:48:42
436,500,"Contul dumneavoastră a fost actualizat. Dacă nu recunoașteți această acțiune, contactați-ne.",sistem,1,2026-03-09 05:11:08
437,1181,Programarea dumneavoastră din data 2026-04-17 a fost confirmată cu succes.,confirmare,1,2026-03-04 09:38:08
438,212,"Contul dumneavoastră a fost actualizat. Dacă nu recunoașteți această acțiune, contactați-ne.",sistem,1,2026-03-23 03:13:27
439,299,Aveți o programare mâine la ora 12:00. Vă rugăm să confirmați prezența.,reminder,1,2026-03-05 21:37:28
440,335,Programarea dumneavoastră din data 2026-03-22 a fost confirmată cu succes.,confirmare,1,2026-03-17 17:00:40
441,917,Programarea dumneavoastră din data 2026-04-01 a fost confirmată cu succes.,confirmare,0,2026-02-20 04:00:15
442,1312,Programarea dumneavoastră din data 2026-03-21 a fost confirmată cu succes.,confirmare,1,2026-02-24 14:17:00
443,386,"Contul dumneavoastră a fost actualizat. Dacă nu recunoașteți această acțiune, contactați-ne.",sistem,1,2026-03-15 13:26:15
444,676,Programarea dumneavoastră din data 2026-04-20 a fost confirmată cu succes.,confirmare,0,2026-04-01 19:25:45
445,555,Aveți o programare mâine la ora 10:00. Vă rugăm să confirmați prezența.,reminder,0,2026-02-20 17:31:52
446,333,Programarea dumneavoastră din data 2026-04-02 a fost confirmată cu succes.,confirmare,1,2026-03-08 11:16:19
447,736,Programarea dumneavoastră din data 2026-04-10 a fost confirmată cu succes.,confirmare,1,2026-04-02 10:56:09
448,109,Programarea din data 2026-04-02 a fost anulată. Puteți face o nouă programare oricând.,anulare,1,2026-04-08 12:41:20
449,886,Programarea dumneavoastră din data 2026-03-24 a fost confirmată cu succes.,confirmare,0,2026-02-15 04:53:26
450,93,"Contul dumneavoastră a fost actualizat. Dacă nu recunoașteți această acțiune, contactați-ne.",sistem,0,2026-04-04 21:43:18
451,721,Aveți o programare mâine la ora 11:00. Vă rugăm să confirmați prezența.,reminder,1,2026-03-18 13:52:34
452,1037,Programarea dumneavoastră din data 2026-04-10 a fost confirmată cu succes.,confirmare,0,2026-03-24 15:14:55
453,86,Aveți o programare mâine la ora 11:00. Vă rugăm să confirmați prezența.,reminder,1,2026-02-26 17:48:12
454,503,Programarea din data 2026-03-30 a fost anulată. Puteți face o nouă programare oricând.,anulare,1,2026-02-23 23:59:55
455,1046,Programarea din data 2026-03-20 a fost anulată. Puteți face o nouă programare oricând.,anulare,0,2026-03-12 11:55:27
456,485,Aveți o programare mâine la ora 14:00. Vă rugăm să confirmați prezența.,reminder,1,2026-03-30 06:49:26
457,1342,Programarea dumneavoastră din data 2026-04-17 a fost confirmată cu succes.,confirmare,1,2026-02-21 11:02:31
458,403,Programarea din data 2026-03-18 a fost anulată. Puteți face o nouă programare oricând.,anulare,0,2026-03-05 05:44:30
459,795,"Contul dumneavoastră a fost actualizat. Dacă nu recunoașteți această acțiune, contactați-ne.",sistem,1,2026-02-26 02:28:43
460,61,Programarea dumneavoastră din data 2026-03-20 a fost confirmată cu succes.,confirmare,1,2026-04-04 13:18:21
461,1098,Programarea din data 2026-05-06 a fost anulată. Puteți face o nouă programare oricând.,anulare,1,2026-04-10 13:56:01
462,72,Programarea din data 2026-03-28 a fost anulată. Puteți face o nouă programare oricând.,anulare,0,2026-03-09 17:35:11
463,577,Programarea dumneavoastră din data 2026-04-18 a fost confirmată cu succes.,confirmare,1,2026-03-15 00:52:47
464,366,Programarea dumneavoastră din data 2026-03-27 a fost confirmată cu succes.,confirmare,0,2026-04-01 23:26:35
465,693,"Contul dumneavoastră a fost actualizat. Dacă nu recunoașteți această acțiune, contactați-ne.",sistem,1,2026-04-02 03:26:59
466,1162,Programarea dumneavoastră din data 2026-04-06 a fost confirmată cu succes.,confirmare,1,2026-03-16 08:37:15
467,1129,Aveți o programare mâine la ora 18:00. Vă rugăm să confirmați prezența.,reminder,1,2026-02-25 23:00:54
468,476,Programarea dumneavoastră din data 2026-04-17 a fost confirmată cu succes.,confirmare,1,2026-03-27 08:14:36
469,100,"Contul dumneavoastră a fost actualizat. Dacă nu recunoașteți această acțiune, contactați-ne.",sistem,1,2026-03-26 02:37:07
470,700,Programarea din data 2026-04-10 a fost anulată. Puteți face o nouă programare oricând.,anulare,1,2026-03-14 07:52:42
471,727,"Contul dumneavoastră a fost actualizat. Dacă nu recunoașteți această acțiune, contactați-ne.",sistem,1,2026-03-14 16:31:57
472,56,Aveți o programare mâine la ora 09:00. Vă rugăm să confirmați prezența.,reminder,1,2026-03-26 12:33:05
473,1125,Programarea din data 2026-04-08 a fost anulată. Puteți face o nouă programare oricând.,anulare,0,2026-03-30 04:25:37
474,375,"Contul dumneavoastră a fost actualizat. Dacă nu recunoașteți această acțiune, contactați-ne.",sistem,0,2026-03-26 15:04:34
475,444,Programarea dumneavoastră din data 2026-04-28 a fost confirmată cu succes.,confirmare,0,2026-04-06 00:41:49
476,980,Aveți o programare mâine la ora 10:00. Vă rugăm să confirmați prezența.,reminder,1,2026-03-31 08:13:40
477,1421,Aveți o programare mâine la ora 09:00. Vă rugăm să confirmați prezența.,reminder,1,2026-02-11 14:43:51
478,1427,Programarea dumneavoastră din data 2026-03-24 a fost confirmată cu succes.,confirmare,1,2026-03-07 14:22:59
479,64,Aveți o programare mâine la ora 15:00. Vă rugăm să confirmați prezența.,reminder,1,2026-03-21 21:23:22
480,407,Programarea din data 2026-04-27 a fost anulată. Puteți face o nouă programare oricând.,anulare,1,2026-04-08 05:28:36
481,25,Programarea din data 2026-04-23 a fost anulată. Puteți face o nouă programare oricând.,anulare,1,2026-03-31 08:40:34
482,267,Programarea din data 2026-04-30 a fost anulată. Puteți face o nouă programare oricând.,anulare,0,2026-04-07 13:13:15
483,70,"Contul dumneavoastră a fost actualizat. Dacă nu recunoașteți această acțiune, contactați-ne.",sistem,1,2026-03-25 00:57:18
484,81,Aveți o programare mâine la ora 15:00. Vă rugăm să confirmați prezența.,reminder,0,2026-03-29 02:48:58
485,1258,Aveți o programare mâine la ora 13:00. Vă rugăm să confirmați prezența.,reminder,1,2026-03-09 04:11:40
486,616,Programarea dumneavoastră din data 2026-03-23 a fost confirmată cu succes.,confirmare,0,2026-03-07 13:03:36
487,953,Aveți o programare mâine la ora 15:00. Vă rugăm să confirmați prezența.,reminder,1,2026-02-22 03:05:53
488,49,Programarea dumneavoastră din data 2026-03-19 a fost confirmată cu succes.,confirmare,1,2026-02-15 23:40:14
489,771,"Contul dumneavoastră a fost actualizat. Dacă nu recunoașteți această acțiune, contactați-ne.",sistem,1,2026-02-19 14:26:46
490,1200,Programarea din data 2026-04-18 a fost anulată. Puteți face o nouă programare oricând.,anulare,0,2026-04-06 13:20:23
491,1325,Programarea dumneavoastră din data 2026-03-22 a fost confirmată cu succes.,confirmare,0,2026-03-21 07:45:38
492,460,Programarea din data 2026-04-01 a fost anulată. Puteți face o nouă programare oricând.,anulare,0,2026-03-23 12:12:38
493,58,"Contul dumneavoastră a fost actualizat. Dacă nu recunoașteți această acțiune, contactați-ne.",sistem,0,2026-02-11 10:48:58
494,1,"Contul dumneavoastră a fost actualizat. Dacă nu recunoașteți această acțiune, contactați-ne.",sistem,0,2026-03-16 06:30:18
495,612,Aveți o programare mâine la ora 14:00. Vă rugăm să confirmați prezența.,reminder,1,2026-04-02 11:04:25
496,1444,Aveți o programare mâine la ora 09:00. Vă rugăm să confirmați prezența.,reminder,0,2026-03-17 03:37:23
497,1454,Programarea dumneavoastră din data 2026-04-02 a fost confirmată cu succes.,confirmare,1,2026-03-20 05:02:20
498,590,Programarea din data 2026-03-26 a fost anulată. Puteți face o nouă programare oricând.,anulare,0,2026-04-04 10:08:14
499,338,Programarea din data 2026-03-16 a fost anulată. Puteți face o nouă programare oricând.,anulare,1,2026-03-05 01:23:37
500,1434,Programarea din data 2026-05-07 a fost anulată. Puteți face o nouă programare oricând.,anulare,1,2026-03-30 22:36:30
501,67,"Contul dumneavoastră a fost actualizat. Dacă nu recunoașteți această acțiune, contactați-ne.",sistem,0,2026-03-08 23:14:01
502,926,Programarea din data 2026-04-15 a fost anulată. Puteți face o nouă programare oricând.,anulare,0,2026-03-21 16:42:12
503,201,Programarea dumneavoastră din data 2026-04-05 a fost confirmată cu succes.,confirmare,1,2026-02-24 22:00:23
504,1301,Programarea dumneavoastră din data 2026-04-10 a fost confirmată cu succes.,confirmare,0,2026-02-20 03:43:49
505,673,Programarea dumneavoastră din data 2026-03-15 a fost confirmată cu succes.,confirmare,1,2026-02-21 14:09:32
506,50,"Contul dumneavoastră a fost actualizat. Dacă nu recunoașteți această acțiune, contactați-ne.",sistem,1,2026-04-09 16:15:34
507,1012,Aveți o programare mâine la ora 17:00. Vă rugăm să confirmați prezența.,reminder,0,2026-04-08 19:45:01
508,1501,Aveți o programare mâine la ora 16:00. Vă rugăm să confirmați prezența.,reminder,0,2026-02-12 12:28:24
509,355,Aveți o programare mâine la ora 12:00. Vă rugăm să confirmați prezența.,reminder,1,2026-03-30 23:24:46
510,1212,"Contul dumneavoastră a fost actualizat. Dacă nu recunoașteți această acțiune, contactați-ne.",sistem,1,2026-03-10 07:05:59
511,863,Aveți o programare mâine la ora 11:00. Vă rugăm să confirmați prezența.,reminder,1,2026-03-12 04:52:33
512,748,Programarea din data 2026-04-15 a fost anulată. Puteți face o nouă programare oricând.,anulare,1,2026-04-07 04:12:03
513,743,"Contul dumneavoastră a fost actualizat. Dacă nu recunoașteți această acțiune, contactați-ne.",sistem,0,2026-03-03 05:06:49
514,1004,Aveți o programare mâine la ora 10:00. Vă rugăm să confirmați prezența.,reminder,1,2026-03-22 12:04:04
515,1154,Programarea din data 2026-05-04 a fost anulată. Puteți face o nouă programare oricând.,anulare,0,2026-03-04 11:59:45
516,1001,Programarea dumneavoastră din data 2026-03-16 a fost confirmată cu succes.,confirmare,1,2026-02-15 03:22:10
517,411,Programarea dumneavoastră din data 2026-04-20 a fost confirmată cu succes.,confirmare,1,2026-03-31 23:54:18
518,1467,Programarea din data 2026-04-04 a fost anulată. Puteți face o nouă programare oricând.,anulare,1,2026-03-15 16:44:02
519,513,Aveți o programare mâine la ora 19:00. Vă rugăm să confirmați prezența.,reminder,1,2026-03-31 03:50:12
520,264,Aveți o programare mâine la ora 19:00. Vă rugăm să confirmați prezența.,reminder,0,2026-03-23 03:27:10
521,996,"Contul dumneavoastră a fost actualizat. Dacă nu recunoașteți această acțiune, contactați-ne.",sistem,1,2026-03-04 20:27:49
522,718,"Contul dumneavoastră a fost actualizat. Dacă nu recunoașteți această acțiune, contactați-ne.",sistem,1,2026-04-08 14:07:50
523,100,"Contul dumneavoastră a fost actualizat. Dacă nu recunoașteți această acțiune, contactați-ne.",sistem,0,2026-02-28 02:35:27
524,587,"Contul dumneavoastră a fost actualizat. Dacă nu recunoașteți această acțiune, contactați-ne.",sistem,1,2026-04-04 06:30:57
525,1404,Programarea din data 2026-03-15 a fost anulată. Puteți face o nouă programare oricând.,anulare,1,2026-03-02 14:54:27
526,1282,Aveți o programare mâine la ora 08:00. Vă rugăm să confirmați prezența.,reminder,1,2026-03-03 07:40:42
527,819,Programarea dumneavoastră din data 2026-03-18 a fost confirmată cu succes.,confirmare,0,2026-02-25 00:57:53
528,466,Programarea din data 2026-04-11 a fost anulată. Puteți face o nouă programare oricând.,anulare,1,2026-02-18 09:06:19
529,322,"Contul dumneavoastră a fost actualizat. Dacă nu recunoașteți această acțiune, contactați-ne.",sistem,1,2026-03-05 20:10:26
530,842,Programarea dumneavoastră din data 2026-04-27 a fost confirmată cu succes.,confirmare,0,2026-03-23 08:00:34
531,372,Programarea dumneavoastră din data 2026-03-30 a fost confirmată cu succes.,confirmare,1,2026-03-02 20:53:47
532,1008,Programarea dumneavoastră din data 2026-04-30 a fost confirmată cu succes.,confirmare,1,2026-03-06 17:58:32
533,348,"Contul dumneavoastră a fost actualizat. Dacă nu recunoașteți această acțiune, contactați-ne.",sistem,1,2026-03-19 05:22:28
534,402,Programarea din data 2026-03-29 a fost anulată. Puteți face o nouă programare oricând.,anulare,1,2026-02-23 04:34:09
535,652,Programarea din data 2026-04-01 a fost anulată. Puteți face o nouă programare oricând.,anulare,1,2026-02-12 14:15:12
536,586,Aveți o programare mâine la ora 10:00. Vă rugăm să confirmați prezența.,reminder,1,2026-04-11 11:11:38
537,1414,"Contul dumneavoastră a fost actualizat. Dacă nu recunoașteți această acțiune, contactați-ne.",sistem,0,2026-03-15 16:39:35
538,216,Programarea din data 2026-04-03 a fost anulată. Puteți face o nouă programare oricând.,anulare,1,2026-03-17 01:47:43
539,1412,Programarea dumneavoastră din data 2026-03-16 a fost confirmată cu succes.,confirmare,0,2026-03-14 02:09:29
540,1116,Aveți o programare mâine la ora 08:00. Vă rugăm să confirmați prezența.,reminder,1,2026-03-04 11:57:33
541,1027,Programarea dumneavoastră din data 2026-03-15 a fost confirmată cu succes.,confirmare,1,2026-04-01 13:13:37
542,930,"Contul dumneavoastră a fost actualizat. Dacă nu recunoașteți această acțiune, contactați-ne.",sistem,1,2026-04-09 00:38:27
543,1237,Programarea dumneavoastră din data 2026-03-24 a fost confirmată cu succes.,confirmare,1,2026-03-07 17:04:35
544,1174,Aveți o programare mâine la ora 14:00. Vă rugăm să confirmați prezența.,reminder,0,2026-03-24 17:46:19
545,519,Programarea din data 2026-05-05 a fost anulată. Puteți face o nouă programare oricând.,anulare,0,2026-03-15 08:27:08
546,541,Programarea dumneavoastră din data 2026-03-29 a fost confirmată cu succes.,confirmare,1,2026-02-15 17:19:11
547,652,"Contul dumneavoastră a fost actualizat. Dacă nu recunoașteți această acțiune, contactați-ne.",sistem,0,2026-04-05 11:31:21
548,347,Aveți o programare mâine la ora 18:00. Vă rugăm să confirmați prezența.,reminder,0,2026-04-11 17:15:23
549,707,"Contul dumneavoastră a fost actualizat. Dacă nu recunoașteți această acțiune, contactați-ne.",sistem,1,2026-02-27 11:45:25
550,217,Aveți o programare mâine la ora 11:00. Vă rugăm să confirmați prezența.,reminder,0,2026-03-05 07:32:21
551,814,Programarea din data 2026-03-27 a fost anulată. Puteți face o nouă programare oricând.,anulare,0,2026-04-04 16:58:48
552,556,Programarea dumneavoastră din data 2026-03-17 a fost confirmată cu succes.,confirmare,0,2026-03-28 21:44:03
553,572,Aveți o programare mâine la ora 10:00. Vă rugăm să confirmați prezența.,reminder,0,2026-02-26 17:05:22
554,1490,Aveți o programare mâine la ora 10:00. Vă rugăm să confirmați prezența.,reminder,0,2026-02-13 18:30:50
555,1147,Programarea din data 2026-03-19 a fost anulată. Puteți face o nouă programare oricând.,anulare,1,2026-03-25 21:15:47
556,1287,Aveți o programare mâine la ora 19:00. Vă rugăm să confirmați prezența.,reminder,1,2026-03-22 18:31:56
557,55,Programarea din data 2026-03-14 a fost anulată. Puteți face o nouă programare oricând.,anulare,1,2026-03-14 03:58:35
558,294,Aveți o programare mâine la ora 14:00. Vă rugăm să confirmați prezența.,reminder,1,2026-04-09 19:29:57
559,129,Programarea din data 2026-03-30 a fost anulată. Puteți face o nouă programare oricând.,anulare,1,2026-02-19 20:41:19
560,1328,Programarea dumneavoastră din data 2026-04-13 a fost confirmată cu succes.,confirmare,1,2026-03-15 13:39:32
561,552,Programarea din data 2026-04-11 a fost anulată. Puteți face o nouă programare oricând.,anulare,1,2026-03-24 19:38:31
562,954,Aveți o programare mâine la ora 08:00. Vă rugăm să confirmați prezența.,reminder,1,2026-03-15 15:31:36
563,271,Programarea din data 2026-03-16 a fost anulată. Puteți face o nouă programare oricând.,anulare,0,2026-03-24 17:43:27
564,26,"Contul dumneavoastră a fost actualizat. Dacă nu recunoașteți această acțiune, contactați-ne.",sistem,0,2026-03-11 00:17:57
565,502,Programarea dumneavoastră din data 2026-04-01 a fost confirmată cu succes.,confirmare,1,2026-03-05 17:16:26
566,1137,Programarea dumneavoastră din data 2026-05-02 a fost confirmată cu succes.,confirmare,0,2026-02-26 10:14:19
567,65,Aveți o programare mâine la ora 13:00. Vă rugăm să confirmați prezența.,reminder,1,2026-02-14 23:56:06
568,803,Programarea dumneavoastră din data 2026-03-23 a fost confirmată cu succes.,confirmare,1,2026-04-03 07:31:28
569,256,Programarea dumneavoastră din data 2026-04-28 a fost confirmată cu succes.,confirmare,1,2026-04-04 13:29:34
570,651,Aveți o programare mâine la ora 15:00. Vă rugăm să confirmați prezența.,reminder,0,2026-03-01 23:50:26
571,1474,Programarea dumneavoastră din data 2026-03-21 a fost confirmată cu succes.,confirmare,1,2026-03-05 22:42:35
572,533,"Contul dumneavoastră a fost actualizat. Dacă nu recunoașteți această acțiune, contactați-ne.",sistem,1,2026-02-15 13:31:55
573,661,Programarea din data 2026-03-27 a fost anulată. Puteți face o nouă programare oricând.,anulare,0,2026-04-06 02:07:03
574,533,Programarea din data 2026-04-26 a fost anulată. Puteți face o nouă programare oricând.,anulare,0,2026-02-24 17:37:29
575,1374,Aveți o programare mâine la ora 10:00. Vă rugăm să confirmați prezența.,reminder,1,2026-02-12 23:28:24
576,67,Aveți o programare mâine la ora 19:00. Vă rugăm să confirmați prezența.,reminder,0,2026-02-13 17:43:17
577,684,Programarea dumneavoastră din data 2026-05-01 a fost confirmată cu succes.,confirmare,1,2026-03-29 00:44:39
578,1042,Programarea din data 2026-04-20 a fost anulată. Puteți face o nouă programare oricând.,anulare,1,2026-04-03 03:25:09
579,260,"Contul dumneavoastră a fost actualizat. Dacă nu recunoașteți această acțiune, contactați-ne.",sistem,0,2026-04-02 15:31:46
580,200,Aveți o programare mâine la ora 13:00. Vă rugăm să confirmați prezența.,reminder,1,2026-03-20 09:40:57
581,663,Aveți o programare mâine la ora 11:00. Vă rugăm să confirmați prezența.,reminder,0,2026-03-06 01:51:15
582,1264,Aveți o programare mâine la ora 12:00. Vă rugăm să confirmați prezența.,reminder,1,2026-02-28 08:18:18
583,940,"Contul dumneavoastră a fost actualizat. Dacă nu recunoașteți această acțiune, contactați-ne.",sistem,1,2026-04-03 00:33:26
584,786,Programarea din data 2026-04-21 a fost anulată. Puteți face o nouă programare oricând.,anulare,0,2026-02-10 19:05:03
585,30,Aveți o programare mâine la ora 10:00. Vă rugăm să confirmați prezența.,reminder,0,2026-04-03 07:21:32
586,713,Programarea dumneavoastră din data 2026-04-02 a fost confirmată cu succes.,confirmare,0,2026-03-16 01:04:28
587,1016,"Contul dumneavoastră a fost actualizat. Dacă nu recunoașteți această acțiune, contactați-ne.",sistem,1,2026-02-11 06:16:03
588,1085,Aveți o programare mâine la ora 11:00. Vă rugăm să confirmați prezența.,reminder,1,2026-03-31 15:04:28
589,289,Aveți o programare mâine la ora 15:00. Vă rugăm să confirmați prezența.,reminder,0,2026-03-05 00:30:25
590,12,"Contul dumneavoastră a fost actualizat. Dacă nu recunoașteți această acțiune, contactați-ne.",sistem,0,2026-02-12 11:00:45
591,92,"Contul dumneavoastră a fost actualizat. Dacă nu recunoașteți această acțiune, contactați-ne.",sistem,0,2026-03-25 17:10:09
592,439,Programarea dumneavoastră din data 2026-03-15 a fost confirmată cu succes.,confirmare,0,2026-04-07 11:05:20
593,1461,Programarea dumneavoastră din data 2026-04-05 a fost confirmată cu succes.,confirmare,1,2026-02-14 17:35:17
594,677,Aveți o programare mâine la ora 11:00. Vă rugăm să confirmați prezența.,reminder,0,2026-03-13 14:53:05
595,45,Programarea din data 2026-03-22 a fost anulată. Puteți face o nouă programare oricând.,anulare,0,2026-02-14 04:31:25
596,820,Programarea dumneavoastră din data 2026-03-14 a fost confirmată cu succes.,confirmare,0,2026-03-23 13:27:31
597,1177,Programarea din data 2026-03-30 a fost anulată. Puteți face o nouă programare oricând.,anulare,1,2026-03-08 23:11:08
598,928,Programarea din data 2026-04-01 a fost anulată. Puteți face o nouă programare oricând.,anulare,0,2026-04-02 16:25:29
599,1020,Programarea din data 2026-05-09 a fost anulată. Puteți face o nouă programare oricând.,anulare,0,2026-02-17 01:21:50
600,1323,Programarea din data 2026-03-26 a fost anulată. Puteți face o nouă programare oricând.,anulare,0,2026-04-06 01:15:00
601,1142,Programarea din data 2026-04-25 a fost anulată. Puteți face o nouă programare oricând.,anulare,1,2026-04-08 06:04:03
602,349,"Contul dumneavoastră a fost actualizat. Dacă nu recunoașteți această acțiune, contactați-ne.",sistem,1,2026-04-07 01:20:15
603,851,Programarea din data 2026-03-13 a fost anulată. Puteți face o nouă programare oricând.,anulare,1,2026-03-27 08:48:47
604,1250,Aveți o programare mâine la ora 11:00. Vă rugăm să confirmați prezența.,reminder,1,2026-03-26 04:58:27
605,264,"Contul dumneavoastră a fost actualizat. Dacă nu recunoașteți această acțiune, contactați-ne.",sistem,1,2026-04-03 21:20:45
606,613,"Contul dumneavoastră a fost actualizat. Dacă nu recunoașteți această acțiune, contactați-ne.",sistem,1,2026-02-21 16:37:02
607,787,"Contul dumneavoastră a fost actualizat. Dacă nu recunoașteți această acțiune, contactați-ne.",sistem,1,2026-02-16 11:29:25
608,79,"Contul dumneavoastră a fost actualizat. Dacă nu recunoașteți această acțiune, contactați-ne.",sistem,1,2026-02-19 01:08:19
609,483,"Contul dumneavoastră a fost actualizat. Dacă nu recunoașteți această acțiune, contactați-ne.",sistem,1,2026-04-01 06:39:33
610,777,Programarea dumneavoastră din data 2026-04-01 a fost confirmată cu succes.,confirmare,1,2026-02-11 07:44:22
611,781,Aveți o programare mâine la ora 16:00. Vă rugăm să confirmați prezența.,reminder,1,2026-04-03 00:09:52
612,133,Aveți o programare mâine la ora 19:00. Vă rugăm să confirmați prezența.,reminder,1,2026-04-03 15:14:16
613,1440,Aveți o programare mâine la ora 13:00. Vă rugăm să confirmați prezența.,reminder,1,2026-03-26 06:47:38
614,1391,"Contul dumneavoastră a fost actualizat. Dacă nu recunoașteți această acțiune, contactați-ne.",sistem,1,2026-03-16 22:44:19
615,635,"Contul dumneavoastră a fost actualizat. Dacă nu recunoașteți această acțiune, contactați-ne.",sistem,1,2026-02-24 16:42:36
616,753,Aveți o programare mâine la ora 12:00. Vă rugăm să confirmați prezența.,reminder,1,2026-02-11 05:10:09
617,1435,"Contul dumneavoastră a fost actualizat. Dacă nu recunoașteți această acțiune, contactați-ne.",sistem,1,2026-03-05 21:00:14
618,226,Aveți o programare mâine la ora 18:00. Vă rugăm să confirmați prezența.,reminder,1,2026-02-28 03:26:20
619,805,Programarea dumneavoastră din data 2026-04-11 a fost confirmată cu succes.,confirmare,0,2026-03-22 22:04:34
620,897,"Contul dumneavoastră a fost actualizat. Dacă nu recunoașteți această acțiune, contactați-ne.",sistem,0,2026-03-18 14:34:33
621,721,Programarea dumneavoastră din data 2026-04-21 a fost confirmată cu succes.,confirmare,0,2026-04-07 09:17:49
622,305,Programarea din data 2026-04-26 a fost anulată. Puteți face o nouă programare oricând.,anulare,0,2026-03-15 21:16:22
623,868,Aveți o programare mâine la ora 19:00. Vă rugăm să confirmați prezența.,reminder,0,2026-04-01 20:58:03
624,610,"Contul dumneavoastră a fost actualizat. Dacă nu recunoașteți această acțiune, contactați-ne.",sistem,0,2026-02-27 23:46:36
625,232,Aveți o programare mâine la ora 10:00. Vă rugăm să confirmați prezența.,reminder,1,2026-02-13 14:51:49
626,1042,Aveți o programare mâine la ora 08:00. Vă rugăm să confirmați prezența.,reminder,1,2026-03-12 05:00:19
627,121,Programarea din data 2026-05-04 a fost anulată. Puteți face o nouă programare oricând.,anulare,0,2026-03-25 14:05:05
628,551,"Contul dumneavoastră a fost actualizat. Dacă nu recunoașteți această acțiune, contactați-ne.",sistem,1,2026-03-31 13:42:21
629,199,Aveți o programare mâine la ora 11:00. Vă rugăm să confirmați prezența.,reminder,1,2026-02-20 19:09:09
630,69,Programarea din data 2026-04-17 a fost anulată. Puteți face o nouă programare oricând.,anulare,0,2026-03-23 21:06:42
631,25,"Contul dumneavoastră a fost actualizat. Dacă nu recunoașteți această acțiune, contactați-ne.",sistem,1,2026-03-17 06:32:38
632,1485,"Contul dumneavoastră a fost actualizat. Dacă nu recunoașteți această acțiune, contactați-ne.",sistem,0,2026-02-15 08:47:02
633,495,Programarea din data 2026-05-10 a fost anulată. Puteți face o nouă programare oricând.,anulare,1,2026-02-20 22:30:06
634,1104,"Contul dumneavoastră a fost actualizat. Dacă nu recunoașteți această acțiune, contactați-ne.",sistem,1,2026-04-04 07:25:39
635,939,Programarea din data 2026-04-05 a fost anulată. Puteți face o nouă programare oricând.,anulare,1,2026-04-11 12:48:56
636,347,Programarea dumneavoastră din data 2026-04-27 a fost confirmată cu succes.,confirmare,1,2026-04-07 09:17:20
637,926,Programarea dumneavoastră din data 2026-05-01 a fost confirmată cu succes.,confirmare,1,2026-03-05 14:49:29
638,1494,Aveți o programare mâine la ora 08:00. Vă rugăm să confirmați prezența.,reminder,1,2026-02-20 06:54:20
639,185,"Contul dumneavoastră a fost actualizat. Dacă nu recunoașteți această acțiune, contactați-ne.",sistem,1,2026-03-18 21:58:04
640,285,Aveți o programare mâine la ora 08:00. Vă rugăm să confirmați prezența.,reminder,1,2026-03-31 20:55:40
641,1167,Programarea dumneavoastră din data 2026-03-25 a fost confirmată cu succes.,confirmare,1,2026-03-14 09:48:09
642,959,Aveți o programare mâine la ora 16:00. Vă rugăm să confirmați prezența.,reminder,1,2026-02-19 11:47:02
643,292,Programarea dumneavoastră din data 2026-05-09 a fost confirmată cu succes.,confirmare,1,2026-02-24 15:42:53
644,870,"Contul dumneavoastră a fost actualizat. Dacă nu recunoașteți această acțiune, contactați-ne.",sistem,1,2026-04-03 22:29:51
645,989,"Contul dumneavoastră a fost actualizat. Dacă nu recunoașteți această acțiune, contactați-ne.",sistem,1,2026-03-08 11:38:22
646,579,Programarea din data 2026-05-10 a fost anulată. Puteți face o nouă programare oricând.,anulare,0,2026-02-24 06:30:52
647,1368,Programarea din data 2026-05-10 a fost anulată. Puteți face o nouă programare oricând.,anulare,1,2026-04-08 07:13:20
648,1175,"Contul dumneavoastră a fost actualizat. Dacă nu recunoașteți această acțiune, contactați-ne.",sistem,0,2026-04-01 08:34:57
649,1447,Aveți o programare mâine la ora 15:00. Vă rugăm să confirmați prezența.,reminder,1,2026-03-29 22:12:02
650,453,Programarea din data 2026-04-22 a fost anulată. Puteți face o nouă programare oricând.,anulare,0,2026-03-12 16:12:31
651,550,Programarea dumneavoastră din data 2026-03-27 a fost confirmată cu succes.,confirmare,0,2026-03-06 12:25:46
652,1257,Programarea din data 2026-03-12 a fost anulată. Puteți face o nouă programare oricând.,anulare,1,2026-04-01 09:43:01
653,1452,Programarea din data 2026-04-04 a fost anulată. Puteți face o nouă programare oricând.,anulare,1,2026-03-22 09:54:04
654,1153,Aveți o programare mâine la ora 12:00. Vă rugăm să confirmați prezența.,reminder,1,2026-04-02 13:33:25
655,771,Programarea din data 2026-04-25 a fost anulată. Puteți face o nouă programare oricând.,anulare,0,2026-03-01 17:01:32
656,413,"Contul dumneavoastră a fost actualizat. Dacă nu recunoașteți această acțiune, contactați-ne.",sistem,1,2026-04-10 12:11:58
657,104,"Contul dumneavoastră a fost actualizat. Dacă nu recunoașteți această acțiune, contactați-ne.",sistem,0,2026-04-02 03:39:43
658,1453,"Contul dumneavoastră a fost actualizat. Dacă nu recunoașteți această acțiune, contactați-ne.",sistem,1,2026-02-22 04:33:27
659,464,Aveți o programare mâine la ora 08:00. Vă rugăm să confirmați prezența.,reminder,1,2026-03-24 18:15:01
660,1341,"Contul dumneavoastră a fost actualizat. Dacă nu recunoașteți această acțiune, contactați-ne.",sistem,1,2026-04-04 12:45:26
661,454,Aveți o programare mâine la ora 09:00. Vă rugăm să confirmați prezența.,reminder,1,2026-03-05 23:41:10
662,1313,Programarea din data 2026-04-14 a fost anulată. Puteți face o nouă programare oricând.,anulare,0,2026-03-13 04:37:11
663,917,Programarea din data 2026-03-30 a fost anulată. Puteți face o nouă programare oricând.,anulare,0,2026-02-22 07:54:38
664,1365,Aveți o programare mâine la ora 18:00. Vă rugăm să confirmați prezența.,reminder,1,2026-03-21 07:47:54
665,729,"Contul dumneavoastră a fost actualizat. Dacă nu recunoașteți această acțiune, contactați-ne.",sistem,1,2026-03-15 14:24:50
666,16,Programarea din data 2026-03-25 a fost anulată. Puteți face o nouă programare oricând.,anulare,0,2026-04-01 15:59:46
667,1196,Programarea dumneavoastră din data 2026-04-29 a fost confirmată cu succes.,confirmare,1,2026-04-04 10:03:47
668,523,"Contul dumneavoastră a fost actualizat. Dacă nu recunoașteți această acțiune, contactați-ne.",sistem,1,2026-03-19 12:12:38
669,28,Programarea dumneavoastră din data 2026-04-09 a fost confirmată cu succes.,confirmare,1,2026-02-25 13:36:25
670,1420,"Contul dumneavoastră a fost actualizat. Dacă nu recunoașteți această acțiune, contactați-ne.",sistem,0,2026-02-27 00:44:49
671,1257,Aveți o programare mâine la ora 10:00. Vă rugăm să confirmați prezența.,reminder,1,2026-03-07 23:47:30
672,998,"Contul dumneavoastră a fost actualizat. Dacă nu recunoașteți această acțiune, contactați-ne.",sistem,1,2026-03-04 02:51:44
673,1428,"Contul dumneavoastră a fost actualizat. Dacă nu recunoașteți această acțiune, contactați-ne.",sistem,1,2026-03-28 21:09:47
674,1014,Programarea din data 2026-04-03 a fost anulată. Puteți face o nouă programare oricând.,anulare,1,2026-02-26 07:58:34
675,872,Programarea dumneavoastră din data 2026-04-30 a fost confirmată cu succes.,confirmare,1,2026-03-20 07:11:58
676,810,Programarea dumneavoastră din data 2026-04-25 a fost confirmată cu succes.,confirmare,1,2026-03-27 20:17:16
677,525,Aveți o programare mâine la ora 14:00. Vă rugăm să confirmați prezența.,reminder,1,2026-03-18 02:00:26
678,712,"Contul dumneavoastră a fost actualizat. Dacă nu recunoașteți această acțiune, contactați-ne.",sistem,0,2026-03-08 16:06:44
679,1018,Aveți o programare mâine la ora 11:00. Vă rugăm să confirmați prezența.,reminder,1,2026-02-25 18:12:03
680,210,Aveți o programare mâine la ora 19:00. Vă rugăm să confirmați prezența.,reminder,0,2026-03-18 10:47:26
681,346,Aveți o programare mâine la ora 11:00. Vă rugăm să confirmați prezența.,reminder,0,2026-03-24 05:21:00
682,13,Programarea dumneavoastră din data 2026-04-14 a fost confirmată cu succes.,confirmare,1,2026-02-10 23:42:26
683,1092,"Contul dumneavoastră a fost actualizat. Dacă nu recunoașteți această acțiune, contactați-ne.",sistem,0,2026-02-28 21:19:45
684,1099,"Contul dumneavoastră a fost actualizat. Dacă nu recunoașteți această acțiune, contactați-ne.",sistem,1,2026-02-22 21:50:08
685,1496,Programarea dumneavoastră din data 2026-04-13 a fost confirmată cu succes.,confirmare,1,2026-03-15 17:33:57
686,1296,Programarea dumneavoastră din data 2026-05-10 a fost confirmată cu succes.,confirmare,1,2026-02-24 19:02:36
687,1296,Aveți o programare mâine la ora 15:00. Vă rugăm să confirmați prezența.,reminder,1,2026-03-24 19:26:10
688,171,Programarea dumneavoastră din data 2026-04-11 a fost confirmată cu succes.,confirmare,1,2026-03-07 01:11:48
689,657,"Contul dumneavoastră a fost actualizat. Dacă nu recunoașteți această acțiune, contactați-ne.",sistem,1,2026-03-26 06:08:19
690,1403,Programarea din data 2026-05-01 a fost anulată. Puteți face o nouă programare oricând.,anulare,1,2026-03-18 18:15:11
691,890,Programarea dumneavoastră din data 2026-05-01 a fost confirmată cu succes.,confirmare,1,2026-04-01 22:32:48
692,527,Programarea dumneavoastră din data 2026-04-18 a fost confirmată cu succes.,confirmare,1,2026-02-12 14:02:37
693,878,"Contul dumneavoastră a fost actualizat. Dacă nu recunoașteți această acțiune, contactați-ne.",sistem,0,2026-02-12 21:25:33
694,1153,"Contul dumneavoastră a fost actualizat. Dacă nu recunoașteți această acțiune, contactați-ne.",sistem,1,2026-03-13 16:32:02
695,623,Programarea din data 2026-04-21 a fost anulată. Puteți face o nouă programare oricând.,anulare,0,2026-03-22 00:36:40
696,690,Programarea din data 2026-04-10 a fost anulată. Puteți face o nouă programare oricând.,anulare,0,2026-04-08 20:06:55
697,337,Programarea dumneavoastră din data 2026-04-04 a fost confirmată cu succes.,confirmare,0,2026-04-03 15:10:51
698,1102,Programarea dumneavoastră din data 2026-04-21 a fost confirmată cu succes.,confirmare,0,2026-03-19 00:38:54
699,434,"Contul dumneavoastră a fost actualizat. Dacă nu recunoașteți această acțiune, contactați-ne.",sistem,0,2026-03-12 18:34:51
700,287,Programarea din data 2026-03-24 a fost anulată. Puteți face o nouă programare oricând.,anulare,0,2026-03-23 21:02:16
701,1252,Programarea din data 2026-04-26 a fost anulată. Puteți face o nouă programare oricând.,anulare,0,2026-03-14 11:33:07
702,283,Aveți o programare mâine la ora 08:00. Vă rugăm să confirmați prezența.,reminder,1,2026-03-24 00:13:46
703,181,Aveți o programare mâine la ora 12:00. Vă rugăm să confirmați prezența.,reminder,0,2026-02-28 01:21:29
704,691,Aveți o programare mâine la ora 08:00. Vă rugăm să confirmați prezența.,reminder,0,2026-03-22 12:44:30
705,575,Programarea dumneavoastră din data 2026-04-26 a fost confirmată cu succes.,confirmare,1,2026-03-05 00:46:56
706,463,Programarea din data 2026-05-01 a fost anulată. Puteți face o nouă programare oricând.,anulare,1,2026-02-18 15:06:00
707,941,Programarea dumneavoastră din data 2026-04-13 a fost confirmată cu succes.,confirmare,1,2026-03-20 12:58:28
708,1090,"Contul dumneavoastră a fost actualizat. Dacă nu recunoașteți această acțiune, contactați-ne.",sistem,0,2026-02-13 18:41:21
709,714,Programarea din data 2026-04-16 a fost anulată. Puteți face o nouă programare oricând.,anulare,1,2026-03-01 13:15:43
710,1444,Programarea din data 2026-03-28 a fost anulată. Puteți face o nouă programare oricând.,anulare,1,2026-04-09 11:07:54
711,1130,Aveți o programare mâine la ora 10:00. Vă rugăm să confirmați prezența.,reminder,0,2026-03-20 10:53:23
712,975,"Contul dumneavoastră a fost actualizat. Dacă nu recunoașteți această acțiune, contactați-ne.",sistem,0,2026-02-27 07:37:39
713,933,Aveți o programare mâine la ora 08:00. Vă rugăm să confirmați prezența.,reminder,1,2026-03-20 15:48:18
714,471,Programarea din data 2026-03-31 a fost anulată. Puteți face o nouă programare oricând.,anulare,0,2026-04-08 16:28:30
715,93,"Contul dumneavoastră a fost actualizat. Dacă nu recunoașteți această acțiune, contactați-ne.",sistem,1,2026-04-04 20:23:43
716,584,Aveți o programare mâine la ora 08:00. Vă rugăm să confirmați prezența.,reminder,1,2026-04-08 06:45:07
717,1311,Programarea dumneavoastră din data 2026-03-30 a fost confirmată cu succes.,confirmare,1,2026-03-02 04:28:05
718,1366,Aveți o programare mâine la ora 16:00. Vă rugăm să confirmați prezența.,reminder,0,2026-02-11 04:07:37
719,1051,"Contul dumneavoastră a fost actualizat. Dacă nu recunoașteți această acțiune, contactați-ne.",sistem,0,2026-03-11 22:19:48
720,821,Programarea dumneavoastră din data 2026-04-14 a fost confirmată cu succes.,confirmare,1,2026-02-14 13:53:39
721,1015,"Contul dumneavoastră a fost actualizat. Dacă nu recunoașteți această acțiune, contactați-ne.",sistem,1,2026-02-18 22:30:22
722,1142,Aveți o programare mâine la ora 11:00. Vă rugăm să confirmați prezența.,reminder,0,2026-04-09 21:34:11
723,933,Programarea dumneavoastră din data 2026-03-28 a fost confirmată cu succes.,confirmare,0,2026-03-14 01:25:29
724,1387,Aveți o programare mâine la ora 09:00. Vă rugăm să confirmați prezența.,reminder,1,2026-04-06 15:53:50
725,1259,Programarea din data 2026-04-28 a fost anulată. Puteți face o nouă programare oricând.,anulare,1,2026-02-14 15:02:53
726,900,Aveți o programare mâine la ora 15:00. Vă rugăm să confirmați prezența.,reminder,0,2026-04-05 22:04:56
727,715,Aveți o programare mâine la ora 16:00. Vă rugăm să confirmați prezența.,reminder,0,2026-02-25 19:38:58
728,787,Programarea din data 2026-05-03 a fost anulată. Puteți face o nouă programare oricând.,anulare,1,2026-03-05 15:51:42
729,367,Programarea dumneavoastră din data 2026-03-27 a fost confirmată cu succes.,confirmare,1,2026-03-20 00:00:09
730,728,Programarea dumneavoastră din data 2026-04-27 a fost confirmată cu succes.,confirmare,0,2026-04-09 06:04:09
731,802,Programarea dumneavoastră din data 2026-04-10 a fost confirmată cu succes.,confirmare,1,2026-03-10 22:28:00
732,1441,Aveți o programare mâine la ora 12:00. Vă rugăm să confirmați prezența.,reminder,1,2026-02-11 20:04:07
733,1272,Programarea din data 2026-04-24 a fost anulată. Puteți face o nouă programare oricând.,anulare,1,2026-02-11 06:37:09
734,702,Programarea dumneavoastră din data 2026-03-12 a fost confirmată cu succes.,confirmare,1,2026-02-17 00:14:17
735,695,Programarea din data 2026-04-21 a fost anulată. Puteți face o nouă programare oricând.,anulare,0,2026-03-14 23:57:32
736,1027,Programarea din data 2026-03-16 a fost anulată. Puteți face o nouă programare oricând.,anulare,1,2026-03-17 03:07:54
737,1474,Aveți o programare mâine la ora 18:00. Vă rugăm să confirmați prezența.,reminder,1,2026-04-02 21:16:53
738,1292,Aveți o programare mâine la ora 09:00. Vă rugăm să confirmați prezența.,reminder,0,2026-02-22 01:18:13
739,34,Programarea din data 2026-04-03 a fost anulată. Puteți face o nouă programare oricând.,anulare,0,2026-03-21 19:45:20
740,81,Programarea din data 2026-03-30 a fost anulată. Puteți face o nouă programare oricând.,anulare,1,2026-02-14 04:29:52
741,940,Programarea din data 2026-04-05 a fost anulată. Puteți face o nouă programare oricând.,anulare,0,2026-04-05 02:20:52
742,1219,Programarea dumneavoastră din data 2026-03-23 a fost confirmată cu succes.,confirmare,0,2026-03-01 08:55:59
743,29,Programarea din data 2026-04-14 a fost anulată. Puteți face o nouă programare oricând.,anulare,0,2026-03-25 04:50:47
744,910,Programarea din data 2026-04-18 a fost anulată. Puteți face o nouă programare oricând.,anulare,0,2026-03-21 21:26:23
745,1213,Programarea dumneavoastră din data 2026-03-17 a fost confirmată cu succes.,confirmare,1,2026-04-06 20:48:31
746,801,Programarea din data 2026-03-30 a fost anulată. Puteți face o nouă programare oricând.,anulare,1,2026-04-07 04:04:32
747,965,"Contul dumneavoastră a fost actualizat. Dacă nu recunoașteți această acțiune, contactați-ne.",sistem,1,2026-03-15 07:46:06
748,887,"Contul dumneavoastră a fost actualizat. Dacă nu recunoașteți această acțiune, contactați-ne.",sistem,0,2026-03-13 04:12:07
749,584,Programarea din data 2026-04-07 a fost anulată. Puteți face o nouă programare oricând.,anulare,0,2026-03-05 00:32:06
750,175,Aveți o programare mâine la ora 11:00. Vă rugăm să confirmați prezența.,reminder,1,2026-03-08 03:09:14
751,233,Programarea dumneavoastră din data 2026-05-02 a fost confirmată cu succes.,confirmare,0,2026-04-02 05:07:46
752,167,Programarea din data 2026-04-07 a fost anulată. Puteți face o nouă programare oricând.,anulare,1,2026-03-06 15:14:16
753,678,Aveți o programare mâine la ora 08:00. Vă rugăm să confirmați prezența.,reminder,1,2026-03-11 23:50:00
754,1105,Programarea dumneavoastră din data 2026-04-06 a fost confirmată cu succes.,confirmare,1,2026-02-24 00:45:24
755,822,"Contul dumneavoastră a fost actualizat. Dacă nu recunoașteți această acțiune, contactați-ne.",sistem,1,2026-02-26 22:37:41
756,671,Programarea din data 2026-05-07 a fost anulată. Puteți face o nouă programare oricând.,anulare,1,2026-02-19 08:21:12
757,1475,"Contul dumneavoastră a fost actualizat. Dacă nu recunoașteți această acțiune, contactați-ne.",sistem,1,2026-03-30 19:33:53
758,260,"Contul dumneavoastră a fost actualizat. Dacă nu recunoașteți această acțiune, contactați-ne.",sistem,1,2026-02-25 12:36:29
759,558,"Contul dumneavoastră a fost actualizat. Dacă nu recunoașteți această acțiune, contactați-ne.",sistem,1,2026-02-17 04:34:32
760,1403,Programarea dumneavoastră din data 2026-03-18 a fost confirmată cu succes.,confirmare,0,2026-03-23 19:21:49
761,327,Programarea dumneavoastră din data 2026-05-08 a fost confirmată cu succes.,confirmare,0,2026-03-25 08:40:33
762,965,"Contul dumneavoastră a fost actualizat. Dacă nu recunoașteți această acțiune, contactați-ne.",sistem,1,2026-03-28 20:17:36
763,1444,Aveți o programare mâine la ora 13:00. Vă rugăm să confirmați prezența.,reminder,1,2026-02-11 15:20:53
764,1353,"Contul dumneavoastră a fost actualizat. Dacă nu recunoașteți această acțiune, contactați-ne.",sistem,1,2026-04-10 20:07:45
765,163,Programarea dumneavoastră din data 2026-04-30 a fost confirmată cu succes.,confirmare,1,2026-03-02 14:38:23
766,985,Programarea din data 2026-05-05 a fost anulată. Puteți face o nouă programare oricând.,anulare,0,2026-02-13 00:01:27
767,914,Programarea dumneavoastră din data 2026-04-27 a fost confirmată cu succes.,confirmare,1,2026-03-30 06:09:18
768,1411,"Contul dumneavoastră a fost actualizat. Dacă nu recunoașteți această acțiune, contactați-ne.",sistem,1,2026-04-06 17:50:22
769,181,"Contul dumneavoastră a fost actualizat. Dacă nu recunoașteți această acțiune, contactați-ne.",sistem,1,2026-03-20 12:28:48
770,1246,Aveți o programare mâine la ora 13:00. Vă rugăm să confirmați prezența.,reminder,1,2026-02-16 14:24:29
771,686,Aveți o programare mâine la ora 08:00. Vă rugăm să confirmați prezența.,reminder,1,2026-03-15 01:50:07
772,1229,Programarea din data 2026-03-27 a fost anulată. Puteți face o nouă programare oricând.,anulare,1,2026-03-09 15:15:54
773,867,Programarea din data 2026-04-05 a fost anulată. Puteți face o nouă programare oricând.,anulare,0,2026-03-21 15:31:21
774,1064,"Contul dumneavoastră a fost actualizat. Dacă nu recunoașteți această acțiune, contactați-ne.",sistem,1,2026-04-06 16:22:30
775,1283,Aveți o programare mâine la ora 14:00. Vă rugăm să confirmați prezența.,reminder,1,2026-02-10 19:35:35
776,1476,Programarea din data 2026-03-20 a fost anulată. Puteți face o nouă programare oricând.,anulare,1,2026-03-13 16:41:09
777,60,Programarea dumneavoastră din data 2026-03-26 a fost confirmată cu succes.,confirmare,1,2026-03-23 18:52:14
778,904,"Contul dumneavoastră a fost actualizat. Dacă nu recunoașteți această acțiune, contactați-ne.",sistem,0,2026-02-18 09:06:35
779,221,Aveți o programare mâine la ora 09:00. Vă rugăm să confirmați prezența.,reminder,1,2026-03-11 17:44:23
780,342,"Contul dumneavoastră a fost actualizat. Dacă nu recunoașteți această acțiune, contactați-ne.",sistem,0,2026-03-20 22:15:01
781,1319,Programarea din data 2026-03-15 a fost anulată. Puteți face o nouă programare oricând.,anulare,1,2026-02-13 16:57:31
782,793,Programarea dumneavoastră din data 2026-03-14 a fost confirmată cu succes.,confirmare,1,2026-02-13 22:34:04
783,982,Aveți o programare mâine la ora 19:00. Vă rugăm să confirmați prezența.,reminder,1,2026-03-30 03:09:26
784,1492,"Contul dumneavoastră a fost actualizat. Dacă nu recunoașteți această acțiune, contactați-ne.",sistem,1,2026-02-12 12:35:56
785,1350,Aveți o programare mâine la ora 18:00. Vă rugăm să confirmați prezența.,reminder,1,2026-04-02 02:11:34
786,1222,Programarea dumneavoastră din data 2026-03-27 a fost confirmată cu succes.,confirmare,0,2026-03-07 07:32:41
787,883,Aveți o programare mâine la ora 18:00. Vă rugăm să confirmați prezența.,reminder,1,2026-04-10 06:56:23
788,762,"Contul dumneavoastră a fost actualizat. Dacă nu recunoașteți această acțiune, contactați-ne.",sistem,1,2026-03-19 02:05:44
789,506,"Contul dumneavoastră a fost actualizat. Dacă nu recunoașteți această acțiune, contactați-ne.",sistem,0,2026-03-19 11:31:10
790,1311,"Contul dumneavoastră a fost actualizat. Dacă nu recunoașteți această acțiune, contactați-ne.",sistem,1,2026-04-02 12:32:22
791,653,Aveți o programare mâine la ora 10:00. Vă rugăm să confirmați prezența.,reminder,1,2026-02-18 09:26:49
792,39,Programarea dumneavoastră din data 2026-04-01 a fost confirmată cu succes.,confirmare,0,2026-03-01 06:10:57
793,1023,Aveți o programare mâine la ora 17:00. Vă rugăm să confirmați prezența.,reminder,1,2026-02-20 20:41:04
794,205,Programarea din data 2026-04-22 a fost anulată. Puteți face o nouă programare oricând.,anulare,1,2026-04-02 03:26:16
795,999,Programarea din data 2026-04-30 a fost anulată. Puteți face o nouă programare oricând.,anulare,0,2026-02-21 05:26:24
796,721,Programarea dumneavoastră din data 2026-03-21 a fost confirmată cu succes.,confirmare,1,2026-02-14 21:41:56
797,330,"Contul dumneavoastră a fost actualizat. Dacă nu recunoașteți această acțiune, contactați-ne.",sistem,1,2026-03-28 10:29:24
798,816,Programarea din data 2026-05-03 a fost anulată. Puteți face o nouă programare oricând.,anulare,1,2026-02-24 02:29:50
799,1280,Programarea din data 2026-04-19 a fost anulată. Puteți face o nouă programare oricând.,anulare,1,2026-02-27 04:58:05
800,591,Programarea dumneavoastră din data 2026-03-20 a fost confirmată cu succes.,confirmare,0,2026-02-24 08:46:33
