id_pacient,id_utilizator,nume,prenume,CNP,data_nasterii,sex,telefon
1,502,Cristea,Carol,1Y2Rn/TP7qhJDl9oov57wg==,1970-04-02,Masculin,0269 338 852
2,503,Dobre,Catinca,LlH1k5PW23i+Ngp/BoDVPg==,1978-12-11,Feminin,0231 926 554
3,504,Ionescu,Ilie,NW4weJAaX4RsQLAfOggzrw==,1970-05-18,Masculin,0236 343 245
4,505,Manole,Maia,hCRbHJgHxK4yQgYwWhZU8Q==,1980-08-17,Feminin,0237 090 266
5,506,Barbu,Fabiana,ds1Lm7mct9UnfUHbiur/AA==,1959-02-02,Feminin,0264 649 466
6,507,Diaconu,Sever,rYs31RGsyfeKE/E7pyE2NA==,1961-03-22,Masculin,0765 268 376
7,508,Barbu,Amelia,AfFCVrG2b9ZxMuYaOLWrag==,1975-03-18,Feminin,0763 721 999
8,509,Diaconescu,Nicolae,Vgn1r3+s3X3AAMD1tG4IpQ==,1938-03-07,Masculin,0741 753 357
9,510,Nemeș,Bucur,5mBxgmOYibDwKOcumF70kg==,1973-03-22,Masculin,0741 087 181
10,511,Dobre,Benone,M/PWYwPsu1QJnJiBngVKnw==,1927-05-22,Masculin,0266 466 004
11,512,Stan,Daiana,K8URtk3p32gKe6nljiNNcg==,2010-08-15,Feminin,0740 642 953
12,513,Nemeș,Grațian,6ZOMhf35VI//GU6ckkWhAQ==,1996-11-16,Masculin,0764 240 390
13,514,Nistor,Casandra,ekqzogFQpBne434VtGEqGg==,1957-12-09,Feminin,0737 117 821
14,515,Dinu,Constantin,WqWgGVqOYS/LpoIFRVrUmw==,1982-11-30,Masculin,0244 272 920
15,516,Stancu,Agnos,ua57YyiuZeAjM8mZi4Zt+A==,2009-08-23,Masculin,0244 634 431
16,517,Popa,Felicia,p2awVmdUNSa86+DnGbPIEQ==,1980-08-29,Feminin,0772 590 605
17,518,Cristea,Eduard,tewT+jZprWRQxTvP6EeENg==,1941-11-19,Masculin,0749 168 906
18,519,Aanei,Haralambie,qMDPNDD0HF0VsZLAyRnfkw==,1969-05-23,Masculin,0752 186 994
19,520,Dima,Cezara,I8AQyrXB+PsFGMTbTpUVsQ==,1954-09-13,Feminin,021 319 5391
20,521,Dima,Cantemir,PlSxBGDSEWLdYUCut99PXQ==,1936-12-11,Masculin,0261 299 811
21,522,Tudor,Elisabeta,uvneRUuMH8vNSCTmSttsug==,1990-02-04,Feminin,0725 882 942
22,523,Diaconescu,Geanina,lb3CCp34Him/TrN4EYdYbQ==,1950-10-08,Feminin,0725 272 730
23,524,Albu,Mălina,KP7+ZX/Y1JDHKxiZ4GGvqQ==,1959-06-25,Feminin,0788 813 328
24,525,Ene,Adriana,S/e5cc0EQJFH8JcZI7qEYQ==,1948-10-06,Feminin,0242 068 688
25,526,Popa,Iustin,xN9WbVXS64iWuBlj5zNzmA==,1971-08-14,Masculin,0729 733 261
26,527,Nistor,Alexe,u18029R/gRJsaChw3TsEeQ==,1954-08-03,Masculin,0238 371 774
27,528,Albu,Camelia,aZXAXKMjzzzFicbp+/C53g==,1929-11-17,Feminin,0247 660 407
28,529,Aanei,Ilona,kF9vpXzpfI+WqO8pZoW3Ag==,2022-03-14,Feminin,0234 005 969
29,530,Ene,David,oWRV6ry497b+iFaD4vBcog==,1929-09-19,Masculin,0766 473 829
30,531,Diaconescu,Vasilica,IKdSsTEeDElBRqC0sWPZeg==,2024-03-18,Feminin,0749 295 812
31,532,Ene,Rodica,CGoW5RiJu+x9icVpp6Qepw==,1933-05-04,Feminin,0745 723 076
32,533,Dinu,Simi,vDjf1b3fzRjVfwW62ZwiMw==,1955-09-19,Masculin,0734 094 656
33,534,Ababei,Marga,I3Fmtx3YrdDeZwSTSrv3eg==,1955-09-18,Feminin,0788 741 835
34,535,Dinu,Dina,wiOEo6d802OtBGNcLaA3Iw==,1962-05-08,Feminin,0755 476 733
35,536,Stoica,Sandu,vV2tS4xCXna//Wgf1hFe8g==,1980-12-13,Masculin,0720 529 317
36,537,Gheorghiu,Vera,7wzZ4E46FQ1c0z4I+OJacQ==,2003-01-28,Feminin,0765 625 868
37,538,Aanei,Daniel,x4TpbFWjGIT86VYzZ3cuwg==,2000-12-01,Masculin,0267 328 302
38,539,Stănescu,Remus,BOe1/7GGsLBMhqXFYQSP4g==,1948-07-11,Masculin,0738 380 959
39,540,Gheorghiu,Domnica,zfKt83hX/WoYhwjCh6XhsQ==,2000-07-11,Feminin,0723 130 086
40,541,Ene,Ianis,/+P1VVzryxlXmU7kYeUk9g==,2005-06-23,Masculin,0740 112 192
41,542,Cristea,Sofia,/HETEjUnvlC2rV1B+XM42A==,1994-03-01,Feminin,0769 720 869
42,543,Cristea,Lavinia,s7YauTVWuaLLF7noUjZJbA==,2005-07-21,Feminin,0740 809 739
43,544,Dobre,Stelian,BT3FUtgZUp8LlUaZ3anGVg==,1974-10-31,Masculin,0726 253 731
44,545,Stănescu,Francisc,5DmPKKshVjhmSkE1PG9mwg==,1938-09-26,Masculin,0743 566 222
45,546,Nistor,Astrid,26H0xyh9HQdruXsG+CMgSA==,1969-02-06,Feminin,0753 916 364
46,547,Manole,Fabiana,R9bXQ/ytvxbKqI1oUvbFnw==,1986-12-05,Feminin,0237 505 654
47,548,Dumitrescu,Cantemir,q75sd/Vsiq62lM8BQI5Dyg==,1932-11-17,Masculin,0257 010 341
48,549,Nistor,Melina,yr/hF0zBnIG08hER9RmxOQ==,2006-11-18,Feminin,0263 305 823
49,550,Albu,Mihai,5Xx9Qfti4CevzML5wpjjkA==,1946-12-13,Masculin,0246 860 030
50,551,Mazilescu,Bucur,QVc9mKv7rhLNG74IBjgg6g==,1978-09-25,Masculin,0711 561 749
51,552,Diaconescu,Carolina,ktJ6PVt02pIPy4aGBrmZDw==,2012-10-07,Feminin,0735 904 567
52,553,Nistor,Floriana,W0hJOWS6aKD3nZLpGpOjWw==,1966-12-25,Feminin,0728 907 554
53,554,Stancu,Iacob,HBJh2caqMdx4Z/s3TCfZhg==,1953-05-03,Masculin,0239 728 823
54,555,Barbu,Carmen,itPfkNkQws95SdGqkbeaVg==,2010-05-22,Feminin,0768 215 146
55,556,Barbu,Roxelana,0pz6h0JKi898XziPXfz+Xw==,1929-06-22,Feminin,0749 309 537
56,557,Dobre,Pompiliu,OouHQCn+XVvB1JqVp230bA==,1951-09-09,Masculin,0726 974 249
57,558,Stoica,Antim,75a69lWnNJ71m3llzDj0Lw==,1955-05-30,Masculin,0728 516 843
58,559,Mazilescu,Rareș,FBFpmPRRrb1Io64iRRX9Zg==,1968-02-25,Masculin,0725 531 725
59,560,Aanei,Antonie,4EWw5gsInwptPg3AcW3ZWQ==,1990-11-01,Masculin,0246 500 323
60,561,Stănescu,Erica,3psvanuNxxG2n6n/Ubmi3g==,1950-09-14,Feminin,0720 043 204
61,562,Stănescu,Amelia,kCjrlk8Hi5Pp4atckxDpDQ==,2016-05-06,Feminin,0245 766 491
62,563,Ene,Pleșu,Hn7GMbTCG4IOPSGRT6ouGw==,1993-11-06,Masculin,0748 998 446
63,564,Gheorghiu,Ghiță,6TZXCePPkcUx2pt64aD8jw==,1934-01-06,Masculin,0754 331 848
64,565,Pușcașu,Emilia,XfJ3NmIrsQ4aJu2nepKWzQ==,1973-03-28,Feminin,0724 156 128
65,566,Pușcașu,Casian,CjWNb2dgVxlvpu9PwWBmOw==,1998-09-29,Masculin,0750 399 863
66,567,Nistor,Norica,qr6x3Hf0HG4RqgFUW496RA==,1994-08-14,Feminin,0763 126 396
67,568,Popescu,Ariana,JF3BUrq5klMMCZEo37h1BA==,1934-02-16,Feminin,0251 589 505
68,569,Pușcașu,Rafael,ih2UrWi2L6+oN+8PRkxEEg==,1957-08-18,Masculin,0724 021 008
69,570,Ababei,Iulia,7do32rjk1qLTTTAwgLnTDA==,1989-04-25,Feminin,0266 203 743
70,571,Ionescu,Ana,AzC5xpomfhvBAqM9c1Ul+Q==,1933-02-24,Feminin,0249 012 455
71,572,Tabacu,Iosif,jq/4HGrmQ6F6UuCBPQPS7w==,1972-04-17,Masculin,0784 257 067
72,573,Diaconu,Anastasia,CJpCKqQ8y23u29LpAlfGrA==,1957-05-30,Feminin,0724 425 293
73,574,Ardelean,Costache,vf9ccsmEeu3M6AY6gChTKA==,1938-05-31,Masculin,0752 526 725
74,575,Georgescu,Emanuil,OXzwJbT4UlWSfy+2YX0dOw==,2016-10-26,Masculin,0233 405 451
75,576,Ababei,Ludmila,3ybKuALzBpCMbyqTI+gRgA==,1994-09-05,Feminin,0740 258 029
76,577,Ionescu,Jean,bjojR2ehTHLdJW9EqZ/VkA==,2007-01-14,Masculin,0771 109 079
77,578,Ioniță,Nechifor,8Y6MAbRe4YUJC85peeI0+g==,1947-01-29,Masculin,0766 333 791
78,579,Nistor,Sabina,XPBBirjDTUsTvvOIvdCObQ==,1949-08-25,Feminin,0756 216 404
79,580,Florea,Olimpia,xr/15SvFDvT59C5XWTvQTQ==,1945-09-16,Feminin,0745 860 083
80,581,Diaconescu,Leana,2pJkmXfshOX11R31pI6wkQ==,1969-02-09,Feminin,0730 126 728
81,582,Dobre,Ileana,gWCCyCN2RHElRUZ+sbICKw==,2013-02-22,Feminin,0724 943 547
82,583,Oprea,Dragoș,QCVPbyyCw4i275CrvSapZA==,2014-11-24,Masculin,0264 764 315
83,584,Popescu,Octaviana,ndMzfoQOtiTavfTCHxhrNA==,1951-08-12,Feminin,0768 869 915
84,585,Albu,Titus,jnXTz87Qp/5v5WBrXeNygw==,1939-10-15,Masculin,0746 897 616
85,586,Dinu,Ada,XJNNXM8e4v0WD2Eju9823A==,1978-06-24,Feminin,0759 502 643
86,587,Suciu,Paula,O9WvSZKD0/johTB25LceBg==,1955-10-16,Feminin,0755 030 515
87,588,Niță,Tudor,gs+Vl98ZZP+CDh4JYs9bug==,1964-10-27,Masculin,0244 282 304
88,589,Tudor,Dida,6opCF9k1ozrksRkWyKt27A==,2023-05-22,Feminin,0722 569 970
89,590,Ene,Ilie,+tIUujeX4icAGhBILNP8XQ==,1939-11-25,Masculin,0721 718 406
90,591,Albu,Anica,NXIW8mRJdk3fu9HU41GYMw==,1958-03-09,Feminin,0246 127 519
91,592,Nistor,Costel,QKa9+SQG71SEGtcD92IxQw==,1977-11-22,Masculin,0732 385 616
92,593,Stoica,Cedrin,HQOLhLRc4zG1puJ3s+MNCw==,1942-05-24,Masculin,0231 477 739
93,594,Dobre,Adam,XUydPaVPiAdPWdSY3YeZ5w==,1941-10-27,Masculin,0721 545 541
94,595,Diaconu,Viviana,1EbsKb3a4XqsHBsd3nhYTQ==,1993-08-22,Feminin,0231 928 790
95,596,Popa,Lazăr,z0RC93NTGT+lFswvFZ4w8w==,1986-02-07,Masculin,0235 946 367
96,597,Oprea,Dochia,MtfZ5LSwZYWHneqoQ1OE5g==,1927-12-30,Feminin,0261 444 151
97,598,Nistor,Mihai,7o0yMupGCehe5gy72loPQw==,2019-08-26,Masculin,0743 666 133
98,599,Dochioiu,Costel,mWYDB/Ar2AlIKxoYmrH8jA==,1987-03-15,Masculin,0239 427 775
99,600,Eftimie,Clementina,8sbijDeF9EBbyGckmFzSDg==,1952-03-17,Feminin,0722 864 632
100,601,Eftimie,Romanița,P3qfEy0kYoikCHES8MKXUA==,1976-05-08,Feminin,0240 181 994
101,602,Ene,Adrian,SdWyb83oy5RXBjSPpOA+Pg==,2007-12-26,Masculin,0231 524 706
102,603,Nistor,Cedrin,pgV4cxEcv0thIR5auVQsuw==,1969-05-12,Masculin,0728 061 460
103,604,Stoica,Doriana,TfKjVqKLoEi2r7rGMn0DBQ==,2013-04-14,Feminin,0767 484 422
104,605,Niță,Ducu,TYchxDoHTyEbhovF/7BZsA==,1997-11-30,Masculin,0750 146 987
105,606,Niță,Vladimir,C8QOVgMdN1ufAMO3khcQxw==,1950-09-13,Masculin,0785 109 829
106,607,Dobre,Iolanda,4N73mYf64C56RlUmnhKTGQ==,1991-06-20,Feminin,0726 133 453
107,608,Ene,Ariana,M1G3xpcxCx7IJyFTLo7ISw==,1950-12-24,Feminin,0744 306 695
108,609,Albu,Geanina,Gxri4UBH7tY6ePiCqk07RA==,2020-06-30,Feminin,0751 273 525
109,610,Stan,Sânziana,QsZSbtmuHty4exyR6/Ibug==,1982-05-20,Feminin,021 958 9969
110,611,Cristea,Edmond,zSEV1dlzYHXFRvCld2TRSw==,1962-07-04,Masculin,0249 657 641
111,612,Ababei,Albert,w/Avc4dNkdZvvXRf+mM+7g==,2004-05-06,Masculin,0740 273 268
112,613,Marin,Lucențiu,g9sFkWnz2/rQ2mFh38t+DQ==,1951-08-10,Masculin,0749 631 740
113,614,Florea,Lascăr,ikZtpClwjhK1smz7O4IxNQ==,2024-07-09,Masculin,0764 159 911
114,615,Nistor,Titus,Xufqcp593nOt/gQCB9x/Zg==,1966-09-02,Masculin,0236 208 477
115,616,Cristea,Dana,k9qnWLwODR/y76tiWt0tEg==,1947-07-25,Feminin,0737 683 346
116,617,Preda,Georgel,EgRJ7p6lV36Vb5tPA20cJw==,1998-10-16,Masculin,0762 815 977
117,618,Diaconescu,Gregorian,eL3g/znk5zwmMWnMbcrN0Q==,1932-12-30,Masculin,0260 820 007
118,619,Nistor,Petruț,hKeV/QM5Yn7d8SWwk6D58w==,1954-05-27,Masculin,0739 214 114
119,620,Dinu,Stelian,LF1vQowDQALlykEm4/axKA==,2009-04-01,Masculin,0750 840 308
120,621,Oprea,Iosefina,Mp0i4VvVhI4+5vcgTyPDbQ==,1965-03-04,Feminin,0758 473 761
121,622,Nistor,Ionelia,uCEBrfjUtY2hAvdxPzFGEw==,1940-02-11,Feminin,0784 109 396
122,623,Mazilescu,Renata,V5x5aduk7XAMTTerhx5igw==,2011-08-03,Feminin,0752 607 595
123,624,Florea,Traian,8HzvnOnFSaVvgKykfYO14w==,1968-12-19,Masculin,0255 344 401
124,625,Stan,Geanina,Hj4em/q6tybKr1ojzD2iBA==,1943-03-31,Feminin,0765 259 568
125,626,Nistor,Iulian,uv0BLZUQnlwYtCuvQYPEVg==,1959-04-07,Masculin,0267 760 983
126,627,Niță,Elena,gSDj4N6wehpg74a0sRhmdQ==,2019-01-10,Feminin,0767 987 815
127,628,Stan,Măriuca,mfxdhUSHAdUOBbLqCdtCKQ==,1975-03-25,Feminin,0721 117 790
128,629,Marin,Sava,T21tTZgA4fIjgVU9MeWqLA==,1937-12-06,Masculin,0748 412 472
129,630,Marin,Lascăr,ULOUi3dnqM+y7uobmkHS6w==,1968-02-20,Masculin,0260 007 754
130,631,Dima,Anamaria,pSTNBTvYn8XvWInNA/Xv5w==,2005-11-25,Feminin,0750 694 281
131,632,Nistor,Leonard,E2e8D5yAEPv6d/XQN96N+Q==,1968-07-31,Masculin,0737 119 421
132,633,Gheorghiu,Alma,GEsHVs/bAuBEeDfsa8UUTQ==,1932-01-08,Feminin,0772 434 844
133,634,Georgescu,Adelaida,Rso9Pd7YX0Zn7XgYChgYyw==,1995-05-15,Feminin,0784 904 856
134,635,Pop,Mugur,WLf8oguDV2r3rxvjOdCArQ==,1950-01-22,Masculin,0771 466 297
135,636,Dobre,Valeriu,3QSM9P6xTepO//gzP1jvMg==,1983-06-18,Masculin,0248 311 138
136,637,Eftimie,Cristobal,cHkWsJE1hxNl8qbgRvWekA==,2000-07-22,Masculin,0236 556 211
137,638,Dinu,Camil,8m0d6IkRooULVY3YfHDgKg==,2017-06-06,Masculin,0736 895 425
138,639,Stănescu,Alexe,JxhLgOiGKfRdBO3nx2a51Q==,2006-03-20,Masculin,0753 851 445
139,640,Diaconu,Dorian,TxEpqO7Q96mUxbYaJELCYA==,2018-12-17,Masculin,0255 930 812
140,641,Popescu,Eusebiu,i1QvZerSwFrM0xX9oWN16Q==,1989-04-22,Masculin,0761 503 261
141,642,Preda,Amelia,zEOYgdWaJZStSXM+2OmxLQ==,1994-12-13,Feminin,0766 982 512
142,643,Ionescu,Suzana,NeUuaY6Bgf62SJ9dq1M91w==,1962-06-17,Feminin,0759 486 021
143,644,Ene,Anghel,jZlLYqTILfs5zclKuOrG/w==,1952-12-06,Masculin,0258 275 099
144,645,Manole,Codrin,fZaqStNFOmf7SigO4TwI7w==,2005-02-21,Masculin,0231 401 990
145,646,Diaconu,Sergiu,mqKcdSu2JkNiwnt4QWL2JQ==,2014-05-25,Masculin,0786 429 284
146,647,Suciu,Cecilia,D9gAtdY2YZ2XHT6aXlPvMA==,1957-03-08,Feminin,0764 816 328
147,648,Nistor,Toma,azQ3pN85Cur1/eONwhLYvg==,1949-11-08,Masculin,0240 650 417
148,649,Barbu,Agata,R/KdCD01jepoyM68ov6wyQ==,1973-10-01,Feminin,0752 404 726
149,650,Dinu,Cosmina,QOUStneluuoofKN7hjyUfA==,1984-07-18,Feminin,0246 160 679
150,651,Niță,Maximilian,c4aONJKMPE9+qEBqyFlWIw==,1927-07-11,Masculin,0252 409 004
151,652,Gheorghiu,Veniamin,n7A9ZU2tiUbeYAm2SVFIBA==,2020-10-16,Masculin,0753 607 876
152,653,Pop,Frusina,Mf7ZoBVo+CHMNcpr7hYqCQ==,1944-01-13,Feminin,0252 927 759
153,654,Popescu,Lelia,q+dAdezKtaanfqdzbERaTA==,2021-02-21,Feminin,0745 199 951
154,655,Tudor,Domnica,/R9C9yrJpE8CJ8ulN1hr9A==,1994-03-10,Feminin,0734 289 876
155,656,Stan,Amanda,x3CytDNIWB64KLtgGNjLkA==,1954-06-16,Feminin,0736 430 517
156,657,Dinu,Doru,9DqTXupCS3ytXVfuNXVePg==,1937-08-07,Masculin,0756 894 597
157,658,Aanei,Nicu,w4dMnxKGNyqoLviEhvuKQQ==,1927-12-28,Masculin,0238 380 794
158,659,Florea,Cecilia,di66JUzeQsLi1CwJlkaEWg==,1965-04-16,Feminin,0759 185 494
159,660,Cristea,Ozana,42ZMuwgHz7NbvS3vg4sFgw==,2010-12-23,Feminin,0731 200 584
160,661,Albu,Vlădelina,QWNJ5Nk+SxIDtA5QEDD57w==,1987-10-11,Feminin,0725 206 214
161,662,Diaconescu,Sebastian,HtUCvrwSpxKLruO7+AZ7ig==,1982-03-13,Masculin,0260 911 911
162,663,Ioniță,Narcis,bHrBZpdIPp9IOyZGTKm33g==,1980-03-11,Masculin,0751 071 178
163,664,Suciu,Lucreția,d/vpgL+TBT8x1nvUWl0gJQ==,1972-10-11,Feminin,0780 954 031
164,665,Dima,Georgel,vEmyTAJypVkRvacZleOVeA==,1943-09-02,Masculin,0730 878 924
165,666,Florea,Crin,f9cX3jFOq7jjrBQdoUgK7A==,1941-04-04,Masculin,0252 828 062
166,667,Eftimie,Nicolae,NHd3IM7NECCidEgb7KA0Zw==,1938-11-15,Masculin,0238 076 750
167,668,Dima,Octavian,kAuuI32zMq08mOKp8Qa6bA==,1961-11-12,Masculin,0767 457 053
168,669,Dima,Roberta,UoS1ZPagGfE9jTLikqVx5w==,1937-06-05,Feminin,0741 458 593
169,670,Stoica,Anda,1hkseZ2P741vHcWNYTXPPQ==,2022-09-29,Feminin,0733 428 361
170,671,Tabacu,Agata,amWUYjLfILhwkwbiJb5zrQ==,1978-10-11,Feminin,0238 647 458
171,672,Barbu,Ion,6qe8LTgYMtoZp6x4U9AVoQ==,1977-06-11,Masculin,0266 161 082
172,673,Manole,Stan,UU6UZznt8CsiRkcJIomqIg==,2010-11-02,Masculin,0722 686 692
173,674,Suciu,Amalia,q2iNMb07bDv89KtkGkf16g==,1930-12-12,Feminin,0780 847 123
174,675,Diaconu,Milena,ZM+AqSm5ANrsKry8qf5R6g==,1932-06-10,Feminin,0769 330 128
175,676,Stănescu,Leonard,DX+lW1pUkjP3PDLTu6djMQ==,2011-07-04,Masculin,0242 083 082
176,677,Niță,Remus,OTizRatUvQEeXPIIVreyIg==,2018-08-05,Masculin,0725 236 925
177,678,Barbu,Petru,rHDVzKbS14bAAGoRA0QXvA==,2001-05-14,Masculin,0251 113 729
178,679,Dima,Antim,jycCwIg3la5DzwdJ7crc6A==,1953-11-28,Masculin,0729 931 572
179,680,Preda,Daiana,InrKeLAhBmbj+659Hqps/Q==,1935-03-10,Feminin,0758 551 495
180,681,Nistor,Eugen,/VVRa2Yi40I5SfWKXvRlCA==,2009-02-28,Masculin,0733 437 973
181,682,Dinu,Caius,omq1WeoZhZ0as4aX4Uo+7w==,1987-02-02,Masculin,0269 099 667
182,683,Dobre,Bogdana,HMAHKSoOaqUyIDsmCDmqTw==,1996-11-10,Feminin,0780 420 638
183,684,Dinu,Georgian,tjU0k+MESSFy3drEvkbH3A==,1938-12-14,Masculin,0739 512 739
184,685,Albu,Floarea,+RxQKDqn4tQKAaqZ9Wde1g==,2020-09-08,Feminin,0756 393 710
185,686,Gheorghiu,Hortensia,k6twPKfrkxCCwCRhyFHenw==,1935-05-20,Feminin,0754 873 900
186,687,Tomescu,Ieremia,2oAo0eUcYOVUTTZp8VJyZA==,1983-05-03,Masculin,0735 149 520
187,688,Dima,Victor,wiy1/gk0RlJg0n/BXbUFXA==,2014-09-07,Masculin,0260 973 962
188,689,Dinu,Caius,xuv1I+blmAB8evWKQypORQ==,1927-06-18,Masculin,0744 525 805
189,690,Oprea,Achim,Sv3/JsxNm46oXxXWAPKp7Q==,1967-08-22,Masculin,0730 944 560
190,691,Suciu,Alexandra,DZ3c3wwO+fmeufLEaEQ1iA==,2021-01-18,Feminin,0737 370 218
191,692,Manole,Miruna,W1Fy/xaJBMfoqMy8f3obbA==,1961-08-05,Feminin,0243 172 501
192,693,Voinea,Lucian,tr1Qgx0O9IiylCP2vTzFhg==,1940-02-26,Masculin,0720 817 749
193,694,Ardelean,Ștefania,4PqfEgnd++qu6xEWYaAKGw==,2004-02-07,Feminin,0733 014 367
194,695,Dochioiu,Eugenia,+Jnl+UqVIp/hXgHjA5Cd+A==,1933-09-05,Feminin,0758 806 430
195,696,Cristea,Romeo,z8FEmarnh7R1mDtGHvAmhA==,1964-10-27,Masculin,0729 457 080
196,697,Popescu,Avram,IJtAXcgZB86gwEIo2aaREg==,2018-10-27,Masculin,0736 222 728
197,698,Cristea,Doriana,It54uJtpI3nNMdqG36A/Ag==,1953-09-25,Feminin,0742 537 681
198,699,Ionescu,Francisc,O+HTEZixcf3o6Iz6qUdYpw==,1988-09-25,Masculin,0749 237 548
199,700,Georgescu,Cedrin,6WZvK9Yh5idf7/18diTlnQ==,2023-11-24,Masculin,0242 741 742
200,701,Ardelean,Salomea,XViYd8DZ7gs38GMPJoTNgw==,1973-04-12,Feminin,021 187 7717
201,702,Ardelean,Stan,V50AAV7f1DRO5j+LfPO7oA==,1929-06-26,Masculin,0241 818 227
202,703,Voinea,Fabia,EQThoF7110Ujm/ixdGCVyA==,2010-10-05,Feminin,0740 934 288
203,704,Eftimie,Timotei,ayLKlA/svF+CRpRIFNktog==,1980-04-10,Masculin,0725 469 487
204,705,Voinea,Zoe,ouQSdaICqVKYQ/xGkD/sRw==,1942-10-10,Feminin,0237 964 985
205,706,Marin,Ciprian,mqjwMnT9KA7NDZ5HpYz5tA==,2020-04-10,Masculin,0241 490 043
206,707,Albu,Dina,cTwj/18f9alg0CufWc5oVQ==,2006-09-25,Feminin,0269 315 151
207,708,Marin,Ștefania,FoVu5YnBYzhazPszrFKWJw==,2021-07-28,Feminin,0730 835 287
208,709,Popescu,Saveta,ZCLAMZeqQbkuKimvM7rwyw==,1978-04-19,Feminin,0751 459 982
209,710,Diaconescu,Emanuela,UhmFxq9lDsQ34dheqoxO7Q==,2019-05-24,Feminin,0737 992 187
210,711,Diaconu,Ernest,eIcEr3ZD41xAjYgBqGxE6w==,1955-06-15,Masculin,0766 158 352
211,712,Mocanu,Zamfir,l+6UjAqRFZCvlX+zZBgMYg==,1968-07-26,Masculin,021 953 9099
212,713,Tabacu,Pamela,4XCiFwkyVAeMXKvwbi7uMA==,1937-06-05,Feminin,0258 572 233
213,714,Pușcașu,Bartolomeu,fO65UC6UT8KfZoaJ/53IWw==,2002-06-07,Masculin,0759 748 989
214,715,Dumitrescu,Vlădelina,HnPTjRzcoSaCV66AU3tGbg==,2016-01-09,Feminin,0743 275 830
215,716,Mocanu,Delia,m5d+JN/25rYtZ3vv2w8B3g==,2016-11-18,Feminin,0237 864 413
216,717,Suciu,Vasile,0TFlQwKq0eRhrw6TLx90Aw==,2012-04-24,Masculin,0761 107 755
217,718,Ene,Mihai,TGNIOEwf4b7fjTxtmEPsPQ==,2001-06-29,Masculin,0243 676 952
218,719,Niță,Alexandra,VGhQ1TSCuVuukhsXlmRNLA==,1970-03-20,Feminin,0751 048 255
219,720,Toma,Alistar,qXtNI4wBscgislgW7y3xtg==,1990-05-31,Masculin,0248 746 475
220,721,Ene,Radu,dexYu89myiHnErtY60HWWQ==,1985-06-03,Masculin,0730 769 574
221,722,Tabacu,Otilia,O3Hn54ec5meMdPiMJcobvg==,2023-04-09,Feminin,0232 449 430
222,723,Pușcașu,Iosefina,4Jot3B2yiy3kuc+h7VleJA==,1964-10-24,Feminin,0238 183 163
223,724,Cristea,Aglaia,fkiT4oz9qSKAI+4tvnNX4Q==,1996-03-30,Feminin,0766 417 786
224,725,Florea,Răducu,A863sYPMDOYSKh//OhRa6Q==,1966-08-06,Masculin,0251 701 921
225,726,Suciu,Adam,wa+MbSHyRCtub1z/hPVVDQ==,1930-05-08,Masculin,0770 031 892
226,727,Nistor,Achim,ipqwcBeG6r1dUqigN38cyw==,1929-11-03,Masculin,0761 092 001
227,728,Stancu,Miruna,tpo4EAwLnM01+FMHdWXpCw==,1937-03-04,Feminin,0239 836 051
228,729,Manole,Petrică,z932oPRc4l9JxZlEr28Y+Q==,2001-05-19,Masculin,0267 631 332
229,730,Stănescu,Filofteia,/2LT+X7dbe1InDHAk5+u/w==,1985-07-10,Feminin,0746 029 936
230,731,Preda,Julieta,H2m+DCE2XIKgCK6qv5j9Ow==,1993-04-18,Feminin,0740 072 123
231,732,Stancu,Carina,j7Cw5331a4rympfQLa7c4Q==,1931-03-31,Feminin,0252 826 291
232,733,Dima,Sandu,oV+vswnSu7IcpMTTrBGc4g==,1929-05-12,Masculin,0730 282 232
233,734,Popa,Elisaveta,Zx0esN4aAvxsiDh9X9lcDw==,2017-03-27,Feminin,0711 885 420
234,735,Toma,Zamfir,td1Ju1JeRBaAKOWZwV189g==,2002-09-26,Masculin,0766 958 719
235,736,Mazilescu,Lucia,rQbTGnlFPZ0PF6SjSARfwA==,2003-03-10,Feminin,0749 644 756
236,737,Stoica,Cristobal,bXLRkCheBX8vKn7P/AEQdg==,1940-11-25,Masculin,0257 705 062
237,738,Nemeș,Zamfir,YGE2JkZJIlRnkdXUMrql0Q==,1969-10-12,Masculin,0263 002 867
238,739,Nemeș,Dorel,zNWi02OiCSzEs1cYLrUl4g==,1978-10-31,Masculin,0263 976 700
239,740,Albu,Roza,+c/ty/23lFrfRDxv2enN/A==,1984-11-04,Feminin,0255 791 525
240,741,Marin,Elvira,fDmgOXwoD0N+PedoeIkKBQ==,1958-05-10,Feminin,0731 330 276
241,742,Ioniță,Ludovic,XN42uFo5k6uApCz9LUXJJA==,2022-12-25,Masculin,0257 555 406
242,743,Dinu,Anton,UhJ+GQYEUm3sdzx3/iYmHw==,1950-08-23,Masculin,0725 080 532
243,744,Dumitrescu,Todor,vtQOINkE2SxGRnXnvNUlDA==,1951-07-08,Masculin,0764 595 677
244,745,Oprea,Natalia,0iAU+P4+SaTcPOfTrSoFBA==,1931-07-27,Feminin,0751 511 101
245,746,Ene,Olimpiu,FdCtuZEk0V36v/qFFSFirQ==,1960-05-22,Masculin,0733 945 828
246,747,Dumitrescu,Luiza,wlRd/oZJOEkiudRrEc4Osw==,1944-06-20,Feminin,0251 161 678
247,748,Popescu,Denis,1vI/wi/oL8c1hT/QMG+8jw==,1968-07-09,Masculin,0726 358 616
248,749,Dinu,Mădălin,+zttcmtuDw0B02msXsSohw==,1964-06-21,Masculin,0722 492 814
249,750,Ardelean,Leonard,Zcgl1q42vMonK9CQJI0Jzw==,1957-10-26,Masculin,0231 262 352
250,751,Ene,Inocențiu,8q+7DutqrU3Qv4ZhpU3KQg==,1945-04-17,Masculin,0232 375 729
251,752,Pop,Luiza,6131xmdKYmE0zmFGXb4puQ==,1941-01-30,Feminin,0253 487 427
252,753,Tabacu,Bucur,JqDY0hOvNHO6BWJnGYjnEQ==,1951-01-06,Masculin,0721 122 298
253,754,Tomescu,Lia,1vShZu6yLmg0fQnmWppiJQ==,2012-04-18,Feminin,0250 886 516
254,755,Ababei,Maximilian,2mgnfwMS/JdN2Ux0MWOCtg==,1938-03-08,Masculin,0728 291 283
255,756,Diaconescu,Răducu,grNQ6FLYH6xqZKpALrzlCg==,2004-01-13,Masculin,0762 579 426
256,757,Albu,Marta,RgDOaIrWPlAqRW98vvTqvg==,2008-03-07,Feminin,0727 778 094
257,758,Florea,Ruxanda,7bXvdY30709g5VSJD62N0A==,1933-02-16,Feminin,0788 931 520
258,759,Pușcașu,Luciana,l1J9MMQKmA2+tor5x0ESuw==,1965-04-21,Feminin,0233 633 008
259,760,Georgescu,Janina,nkMAy5cwRjnY/Iq6L4qIcQ==,2014-11-03,Feminin,0752 899 548
260,761,Diaconescu,Ernest,kcSWH1zIQ49tMhK32XC7hg==,1933-05-19,Masculin,0785 548 137
261,762,Stan,Tincuța,zbd5s95DutlRXoDc5xvPrA==,2014-06-26,Feminin,0785 370 878
262,763,Barbu,Geta,/lgvvOzvQ8sfRbaePD8Jww==,2000-04-24,Feminin,0770 090 957
263,764,Toma,Aristide,M9k3WjLyq0eY53f0gn457A==,1981-11-04,Masculin,0261 896 499
264,765,Diaconescu,Irina,eKaNrEoGgxGgrgJR0zw0FA==,2006-02-03,Feminin,0732 324 375
265,766,Dochioiu,Titus,aSNQXRPwgBRMB3awPVMjTw==,1975-01-30,Masculin,0253 095 505
266,767,Stancu,Frederic,5FjW7AVOPPxyVpLVsOMnaQ==,1975-05-19,Masculin,0725 114 668
267,768,Mocanu,Ovidiu,oPAJYaxTPdNuRNz4OH+0QQ==,1941-04-09,Masculin,0261 165 074
268,769,Oprea,Fabian,8tIUOcpfL7K3ENSf+BpDMQ==,1981-05-08,Masculin,0741 552 021
269,770,Ioniță,Ghiță,8tlZLHHgOJKEwnE5QwpHGw==,1930-11-17,Masculin,0720 545 280
270,771,Marin,Voicu,Kb+NbuCe0jiaSFlzgCCbxQ==,1998-05-19,Masculin,0755 481 057
271,772,Voinea,Irinel,+wWZ4hgeBQIJu2x9acyhSg==,2008-10-19,Masculin,0249 643 709
272,773,Popa,Iolanda,Og/oL1SYZTEKYbuOj6l91A==,1962-05-26,Feminin,0736 052 291
273,774,Dinu,Crenguța,yvFDeUSIAaouZZEPlM6wmg==,2010-05-24,Feminin,0784 542 606
274,775,Mazilescu,Rozalia,uuZs5cMMoVIQpMyz3/OLtw==,2013-05-19,Feminin,0784 515 403
275,776,Albu,Daiana,f7riK2+2UkHkD1X3ywFSSw==,2015-11-15,Feminin,0752 705 052
276,777,Preda,Elisabeta,5SSh8an/8P8SXkJQfheY7w==,1979-06-22,Feminin,0234 251 288
277,778,Nistor,Ruxandra,9tkxVcal1UOXPqQkoUNkPQ==,1934-03-04,Feminin,0244 040 479
278,779,Ioniță,Teohari,JZCg/WS82NTntjg/2E3LiQ==,2001-10-03,Masculin,0751 095 471
279,780,Nistor,Panait,nEOFTVUhm0wFPU5NruyGvA==,2011-11-29,Masculin,0233 635 658
280,781,Dochioiu,Monica,f5KY7UA91s3+OXwHfQfCKg==,1930-11-16,Feminin,0256 153 593
281,782,Tomescu,Dafina,Esuii9xuzRZlu6e1svtjrQ==,1956-06-08,Feminin,0763 933 970
282,783,Oprea,Marilena,9zwcbTym3rqBDg6Gdhua5w==,1944-01-04,Feminin,0766 351 736
283,784,Popescu,Iuliu,kOzkpZj2EX6uv7fPkuCt9w==,1932-11-12,Masculin,0259 981 429
284,785,Suciu,Gabi,+eg9HVQwrg3MiiJ29URzhQ==,1934-11-07,Masculin,0728 212 077
285,786,Eftimie,Patricia,Kfhv7RcPcB+HtN/VrzlM0g==,1993-08-18,Feminin,0760 036 787
286,787,Mocanu,Lorelei,SOXhzlBZdt3e5bJ2SV4EDw==,2020-10-10,Feminin,0729 400 669
287,788,Ioniță,Ina,K0aB4YqzVjC5Tycy3O39ng==,1986-10-08,Feminin,0771 312 363
288,789,Pușcașu,Tudorița,EYNoxxBH9mNQhfzsq8CIqg==,2012-08-11,Feminin,0772 642 831
289,790,Georgescu,Leonard,xN/nfuHlCO+Pi9kFctf1TA==,1976-05-22,Masculin,0740 151 237
290,791,Stănescu,Iancu,p4otZp01XbkFQsEMLzLQBQ==,1993-09-08,Masculin,0747 770 057
291,792,Suciu,Bănel,nqn/Dk0OgExPpJGwfcImZA==,1930-05-07,Masculin,0259 996 949
292,793,Tudor,Daciana,YWVkH8FoJibL04KLE2tDuw==,1981-11-16,Feminin,0233 887 984
293,794,Tudor,Alexandra,EpP+VGGSCTrpI22kBFShog==,1977-04-21,Feminin,0720 687 394
294,795,Popescu,Adrian,sE5qujp6wVhxgqPahM7+Bw==,2025-03-21,Masculin,0249 757 752
295,796,Ene,Miron,I5qdEdJKN84x96MGgR792A==,2020-03-09,Masculin,0267 722 473
296,797,Diaconu,Aurora,Le5ryARSeyq6suHtEkfKlA==,1979-11-03,Feminin,0784 966 811
297,798,Marin,Simi,zxpOCHewRoIT2TYvbTwC7g==,1949-08-13,Masculin,0784 730 903
298,799,Diaconu,Nicodim,8b9ll0+sVS9FcFM+Q97h5Q==,2000-08-25,Masculin,0263 726 901
299,800,Suciu,Irinel,TYQ44Aq/DbMPeU8EXxSfZA==,2014-01-25,Masculin,0742 026 873
300,801,Florea,Costel,uyPTmI5gB38NO3ApThSK0Q==,2024-04-08,Masculin,0739 840 940
301,802,Preda,Maximilian,s1gO9jaMwSBnqRRh2cUeQQ==,2024-06-26,Masculin,0231 170 277
302,803,Toma,Mihail,zQShrhXDi1LOQ28N7gkNsg==,1984-04-02,Masculin,0729 088 741
303,804,Pop,Vera,xW/pEZoeaAMLqCtVllO8bw==,1974-07-02,Feminin,0743 008 598
304,805,Mazilescu,Pompiliu,ZxLeMPhIhE8l1RFVAPAb5g==,2013-05-21,Masculin,0753 666 710
305,806,Barbu,Brăduț,DhUymRna3JtKtpvYQZBmyQ==,1997-09-23,Masculin,0231 131 672
306,807,Marin,Cleopatra,bHMmhIe/6GzXW7h9liB76Q==,1981-10-10,Feminin,0765 106 240
307,808,Preda,Ancuța,i6HmeI1lQ65+Wty1p3Va2A==,2024-12-14,Feminin,0258 524 654
308,809,Stancu,Bucur,kbYsv8WON1FeqV3rLjwIKg==,1998-02-17,Masculin,0756 597 554
309,810,Marin,Bartolomeu,hK34fLPaoGu2/OlZ9k3nvw==,1989-09-25,Masculin,0771 336 957
310,811,Ionescu,Pompilia,q+7o+r7Bg6tDxS4+pLYMPg==,2013-11-17,Feminin,0766 917 178
311,812,Suciu,Veta,+g90O35L8JZ5LuwPr/+4zw==,2006-04-17,Feminin,0771 872 167
312,813,Suciu,Mariana,SYYB3WULMshozExAKGX0gg==,1993-05-25,Feminin,0730 901 373
313,814,Dinu,Bucur,9QFWEe3nspmxuv4Mx71WZQ==,1973-11-26,Masculin,0754 368 549
314,815,Voinea,Sebastian,s1m6jDnr9qJ1g6rdl2ugrA==,1934-04-01,Masculin,0267 545 986
315,816,Nistor,Natalia,g2k3cxKCZT5/e3zXhyoiPA==,1958-04-03,Feminin,0258 223 588
316,817,Marin,Augustin,mcJjwyLo/fy8WQ6Au+e29A==,1999-03-11,Masculin,0263 233 558
317,818,Florea,Anghelina,FyqJm2Brb1/jyocTn8CzYg==,1975-05-04,Feminin,0234 394 937
318,819,Pop,Cezara,FerfCtA5Ny3rgIP7kADxhw==,1939-06-03,Feminin,0780 678 739
319,820,Ene,Ivan,8xaSDSwO9g8QXRyrw7zJmw==,1931-10-21,Masculin,0733 109 699
320,821,Tudor,Carmina,SxBx2idl2Tc5x97baLz+cg==,1961-06-04,Feminin,0749 494 344
321,822,Ioniță,Nicușor,7XYVdGjWJGMmx9C/VG22Gg==,1966-08-08,Masculin,0247 299 269
322,823,Dochioiu,Frusina,oDiHzGVXCMT4LzFllKgV+g==,1998-03-25,Feminin,0753 710 110
323,824,Tudor,Paulica,S2brKzptY7aw5ab+QLik+w==,2024-04-04,Feminin,0749 511 240
324,825,Tudor,Paulica,6v0pQnj2ZDn+7U+zD3y0gQ==,2012-02-24,Feminin,0242 181 988
325,826,Stan,Silvia,b1zmM/98TLOx+xIDz1/KaA==,1977-08-20,Feminin,0735 896 091
326,827,Stancu,Larisa,Bzq/zqSzISkYoix2AotkWA==,1986-07-09,Feminin,0237 845 187
327,828,Tudor,Maximilian,M6SchXklpGCFGu6yDlGs7w==,1940-07-14,Masculin,0742 690 213
328,829,Suciu,Ionela,6AgGMSczaV8gEHAdFQH7DQ==,1976-04-28,Feminin,0731 974 856
329,830,Florea,Flora,qCfbeJu1V1cRyRmRHvO+WA==,1942-09-07,Feminin,0742 495 452
330,831,Popa,Salomea,q/iM8uIJXGASTLnATrEZzw==,1942-08-21,Feminin,0743 331 768
331,832,Suciu,Leonard,1dZSOiftFK8Dn173jQjIQA==,1999-02-19,Masculin,0722 408 585
332,833,Diaconu,Eufrosina,gwWFuXbU+qPr9ueXMeqbLA==,1946-03-28,Feminin,0266 766 836
333,834,Aanei,Teea,PGl7YJVDaO+gWPXYSeAWFg==,2021-02-07,Feminin,0249 551 489
334,835,Gheorghiu,Ada,jqJ7KZ9Dd2Esjjyh+2LLDw==,1946-01-24,Feminin,0248 636 580
335,836,Ioniță,Nidia,erXMzpAN0AEmgzaJZ59K9w==,1990-05-18,Feminin,0746 307 275
336,837,Diaconu,Olimpian,+yuBbEEWblzeBtzukn7cwA==,2004-05-02,Masculin,0762 931 657
337,838,Dima,Cristofor,O3JyilrHHQ+3fKVPrmEDHA==,1962-03-08,Masculin,0232 906 189
338,839,Pușcașu,Floarea,4pE4pLZfnZW8JPKj/24ELA==,1963-01-13,Feminin,0242 747 503
339,840,Diaconu,Amza,SuMm0TD+uLoEa7rIapu/cw==,1960-06-04,Masculin,0753 028 378
340,841,Manole,Gheorghiță,ZwQKTpGrzk6WJHbO5pELIg==,2024-08-23,Masculin,0260 542 917
341,842,Popa,Dorin,30sEWy7al0X7hPL4twueFA==,1984-02-20,Masculin,0235 261 314
342,843,Dima,Veronica,q8A8dP2h5ZksMVff14eh2A==,1978-05-07,Feminin,0768 161 958
343,844,Pușcașu,Lucreția,czLWma/nQ76P1obWXze1WA==,2019-04-24,Feminin,0743 488 339
344,845,Popa,Lili,a9cQt41lC1J9V9wJqXXE4A==,1975-03-23,Feminin,0263 450 857
345,846,Georgescu,Eduard,BIYKlm4cRiu5ejyzK21I7A==,1961-08-31,Masculin,0245 331 687
346,847,Ioniță,Teofil,ik2wL26esSugHjwP7nxAZA==,1970-06-25,Masculin,0265 471 668
347,848,Diaconu,Marcel,L3zkb4AAy9SAhcUwgIEqMQ==,1970-05-27,Masculin,0727 067 358
348,849,Dumitrescu,Elena,nxNJyy3zWiW8kFVwgFbEIw==,2004-04-09,Feminin,0235 424 105
349,850,Mocanu,Eustațiu,XYxLnNqhbP933ZG9BZQN6g==,1974-01-03,Masculin,0746 296 909
350,851,Stan,Felicia,qRb/JdxdAwSjSMI/QIAnlg==,1964-05-06,Feminin,0264 256 735
351,852,Ionescu,Evelina,WzG9BH7XyBDyYdQQtmhHDA==,1989-01-18,Feminin,0733 143 245
352,853,Dochioiu,Lioara,b3NkQTHPyIX/CaOz+pBTXw==,1952-09-05,Feminin,0729 486 489
353,854,Aanei,Codin,IMQKkIst1jA1r6Ozq+iw7Q==,1956-01-07,Masculin,0233 135 776
354,855,Oprea,Alina,PKrWCYb1wplsu48jVGnbHA==,1968-03-24,Feminin,0756 902 767
355,856,Dinu,Filofteia,d+cpuKEVoBrN5ajLKZvHXg==,1969-09-22,Feminin,0769 830 323
356,857,Barbu,Astrid,9VTeKKEcDfd50VQHtyqtrQ==,1976-12-25,Feminin,0763 422 551
357,858,Dochioiu,Lucențiu,qgfvTXhceASlp8SbOxBjgw==,2006-06-03,Masculin,0786 262 732
358,859,Dinu,Cezar,2b53pfgiof+v94VTskuXdg==,2018-08-02,Masculin,0757 305 255
359,860,Ene,Liana,OgQJNFtgb35JEmpWOLPKjw==,1939-11-12,Feminin,0711 225 931
360,861,Nistor,Severina,LNKrExmchIGwXCiGzmMiEg==,1943-04-30,Feminin,0258 852 440
361,862,Stoica,Mitică,s/tjlY4Gnqxq34LT+l9VrA==,1990-03-09,Masculin,0248 705 349
362,863,Diaconu,Domnica,3Gn6QJQ8wr/QdPhvNiwpoA==,1980-05-16,Feminin,0245 905 849
363,864,Tomescu,Călin,WTxthjp68J5ninOziDVQaQ==,1951-12-26,Masculin,0731 303 279
364,865,Popa,Luca,gCHmgBLu6WEAEh5EStUx1g==,1938-12-18,Masculin,0766 281 542
365,866,Ene,Georgiana,3L4aXvy70SY2UccRq5b2LA==,1973-03-05,Feminin,0260 868 402
366,867,Dinu,Tania,HOiIey0cUWoLYAcv2x9XCw==,1935-08-18,Feminin,0244 397 899
367,868,Oprea,Stan,daqLFxkfbrua3WykVDZzjQ==,2000-10-12,Masculin,0756 967 843
368,869,Tudor,Vanesa,DVnd5EE1iyCl8msgyhv4ZA==,1965-04-28,Feminin,0751 611 199
369,870,Ene,Simona,uiWQHrwcuvGxdl3bWerpMw==,2016-11-19,Feminin,0728 935 618
370,871,Dima,Mitică,OaBM+uH3G5zYD0vqUK8yDg==,1957-08-24,Masculin,0759 187 793
371,872,Nemeș,Horia,ZBWbBicElkJuBCZ4uyPeBw==,1972-01-27,Masculin,0725 066 990
372,873,Stancu,Eliana,aaystK+BVdWak2Y2qVot9Q==,1931-03-14,Feminin,0766 950 220
373,874,Stan,Dorel,8+m89fFAhVMhFGsVFQRRXA==,2003-03-13,Masculin,0730 408 419
374,875,Gheorghiu,Adina,9wHdRqBmX0az5aHzp/pMyQ==,1981-04-09,Feminin,0234 298 625
375,876,Stoica,Emanoil,RHNpAd9GsGWJMuDpGt+R5Q==,1939-10-28,Masculin,0249 290 151
376,877,Toma,Minodora,0QDNtHWY4k6Z5VgNQQOqXQ==,1943-03-20,Feminin,0743 091 179
377,878,Oprea,Șerban,uEIo+VOi6kWeGU0/+eVLJg==,1930-05-14,Masculin,0242 905 780
378,879,Albu,Saveta,KhHlN5oyIlxkcPrcBgM3nA==,1993-05-01,Feminin,0738 313 926
379,880,Nistor,Tatiana,F5V0/Dx8SMRl0cAqH+L0+w==,1940-06-22,Feminin,0731 547 853
380,881,Dinu,Lucențiu,+WSldaP2btjY1irkyV4Oyw==,1999-09-10,Masculin,0266 632 409
381,882,Suciu,Todor,8hfB75Zz3+WZ+y9h9in0yA==,1982-02-02,Masculin,0259 697 522
382,883,Ioniță,Ladislau,ihPLRsoRrjnr1CcYImGCYw==,1995-04-04,Masculin,0756 328 415
383,884,Pușcașu,Giorgiana,rrC2m1X53/s0NVAbIzgnUQ==,1945-01-19,Feminin,0256 409 115
384,885,Dima,Elvira,94vUPEoUNnSRxOuWY5T2rQ==,1940-02-16,Feminin,0786 957 815
385,886,Nistor,Ludovic,b57GGokhle3iwKBePz2iLg==,1973-10-04,Masculin,0264 203 957
386,887,Manole,Anișoara,hdhHT/pq04qL93Ryd8eYrQ==,2017-04-23,Feminin,0241 073 471
387,888,Florea,Cristofor,4JsSW0SgEQFVxPDqtTIOrQ==,1940-09-10,Masculin,0250 268 878
388,889,Dumitrescu,Georgel,kIcxG0nOKG2aJnMaue3E3A==,1929-01-11,Masculin,0760 247 506
389,890,Gheorghiu,Cristina,Q/Yw4L3neNXS8SSuRK/Jbg==,1961-06-07,Feminin,0724 845 304
390,891,Aanei,Iacob,hNrX7iXNaubiOAOYLC+uDg==,1936-08-30,Masculin,0244 386 066
391,892,Barbu,Romanița,tWHc8nlmaofa4t6ho9LXxw==,2002-10-16,Feminin,0754 258 132
392,893,Stancu,Lucrețiu,BqdN4G+tZwveEKixKJR8nA==,1968-01-12,Masculin,0770 466 624
393,894,Ardelean,Vasile,9+s/nuqanoccEu6452kdwA==,1985-02-24,Masculin,0746 126 684
394,895,Eftimie,Ștefan,3EizQyKKwbMf4SOAoM8BFw==,1932-03-01,Masculin,0765 928 386
395,896,Dima,Dochia,RTX7mO54AR6vetG8ep5mZg==,2006-03-16,Feminin,0735 311 306
396,897,Stancu,Titus,BZ1ys17a5LX48Z1UFnOr1Q==,1950-05-06,Masculin,0721 914 747
397,898,Florea,Zenobia,WEUsVg3gV68mcFISwpuBEQ==,2005-08-14,Feminin,0722 304 106
398,899,Preda,Gențiana,MLLGOYSmPUi8Rp+jgHPpwQ==,1989-06-30,Feminin,0759 159 555
399,900,Suciu,Victor,35bnUjq7pOWv0p/YEoqxfw==,1999-05-02,Masculin,0748 294 402
400,901,Nemeș,Titus,4q0nJApceaueDgiPZi6ngA==,1938-02-19,Masculin,0722 176 943
401,902,Nistor,Zeno,6iTU3oyfpoOtwCN7sCF3yQ==,2005-06-24,Masculin,0766 842 463
402,903,Dochioiu,Bernard,r2Xn9Acjx3qO1HbpRi+zyg==,2006-02-14,Masculin,0780 021 623
403,904,Popa,Laurian,nouS8mkBO+tlyoxQ5C5uiQ==,2016-08-28,Masculin,0240 785 430
404,905,Stoica,Teodora,C1GYg02HoTo6LkRzbe2Rng==,2009-12-13,Feminin,0256 517 543
405,906,Barbu,Elena,CIJqQx9xaVVTncoPS0Rnlg==,2013-01-07,Feminin,0747 778 387
406,907,Diaconu,Zaharia,4GuAf/LRgD66DkZPzyXMtg==,1956-06-24,Feminin,0769 663 418
407,908,Barbu,Irina,//AU0gwH/LPxR73X/U1DPA==,1959-07-25,Feminin,0729 834 009
408,909,Tudor,Dora,s2PzgY+e7YNFj69w37oJqw==,1945-12-28,Feminin,0237 951 684
409,910,Cristea,Nicolaie,vDYyVlkrtIz9zCUbBnV/QA==,2001-11-13,Masculin,0725 393 084
410,911,Dima,Mihai,g8Wjn2WSoPBYifC7ZS4TEg==,2022-03-30,Masculin,0723 136 968
411,912,Pop,Anda,cfiXzLTUKFZjAeMcN5NC8Q==,1944-08-17,Feminin,0733 205 113
412,913,Stănescu,Alex,mJhbERSnZIwLOJvXlCI4YQ==,1968-02-28,Masculin,0743 263 710
413,914,Suciu,Emanoil,hMlKUAKhyu5r3ki8zF5+lg==,1994-11-06,Masculin,0755 622 858
414,915,Dinu,Carolina,+jqmxYAJhuAgRBcL5Slwsg==,1997-11-05,Feminin,0735 521 211
415,916,Niță,Betina,PUy7QEoa/p2doq/KsBT6wA==,1981-02-26,Feminin,0745 154 159
416,917,Pușcașu,Ștefana,ig8dc1r1z/GP0oQsS6bjqw==,1947-10-08,Feminin,0743 995 246
417,918,Ababei,Răzvan,P11ulchd39EwdfBOe49k1Q==,1970-04-05,Masculin,0263 600 650
418,919,Diaconescu,Anghel,A0ry/E5kRzaVxKnWk9dV8Q==,1996-07-05,Masculin,0711 688 219
419,920,Tudor,Cristobal,ETrXpeF5ttVkTLyNKmqd5w==,2017-03-10,Masculin,0734 157 882
420,921,Manole,Laurențiu,rIKZcFwiOkyknJyXWE2w+g==,2011-10-19,Masculin,0754 486 027
421,922,Dumitrescu,Brândușa,LhtXVe9ID26QB85dA2HEFQ==,2013-01-23,Feminin,0734 869 079
422,923,Tomescu,Cristian,3l3cUfi0lJ69CsMlRMyLTA==,1963-06-01,Masculin,0753 405 372
423,924,Pușcașu,Silviu,hzY2QK0y9jqth2pLlQhCJQ==,1968-08-29,Masculin,0720 209 840
424,925,Oprea,Rozalia,ZC9VsyCzd40pfK1Uguqeuw==,2020-09-13,Feminin,0711 603 087
425,926,Preda,Cosmina,yk/qqfrqW7fG8t8CEEbv6A==,1934-07-19,Feminin,0728 890 339
426,927,Diaconu,Anica,/A0JXq96Fy/jeZAOp55tVA==,2006-01-29,Feminin,0728 451 781
427,928,Nistor,Arian,Oc5M7evkZexaWaqY4YighQ==,2008-06-08,Masculin,0746 406 533
428,929,Dochioiu,Remus,mRLiUSoPd6JYCk7xsQpvVQ==,1931-02-12,Masculin,0747 648 735
429,930,Oprea,Antonela,mmGdrLvgjNRloCQEvJpAaQ==,1957-01-27,Feminin,0247 400 176
430,931,Pușcașu,Ilarion,lw21Mbyae/DnGXoOFV8l4w==,1951-10-21,Masculin,0772 389 551
431,932,Pușcașu,Luca,ph9wm2RM70+lGa3j6sBxpQ==,1966-05-13,Masculin,0233 148 290
432,933,Tomescu,Olimpia,jOWKuuPAkSat0UXZTH8KBg==,1940-09-17,Feminin,0786 071 826
433,934,Albu,Liana,wCeJ4Drl5xIy6Fz7gy50Xg==,2021-05-16,Feminin,0238 150 288
434,935,Ene,Vincențiu,/0oDgl8c0xp5yaSGEVdrbg==,1934-10-26,Masculin,0750 931 997
435,936,Stancu,Mărioara,qtmkeMpXQMQoO6qXHQ9dwQ==,1982-07-14,Feminin,0757 768 313
436,937,Niță,Erica,hIaCf2QqNRRtMc3miXgZYw==,1994-02-15,Feminin,0236 759 324
437,938,Manole,Rafila,HDYrekN95qpddkcEwC4d1A==,1930-06-26,Feminin,0731 602 611
438,939,Diaconescu,Petrișor,vsdCWFtcii9BEgQ5E6hrjA==,2009-08-16,Masculin,0732 956 485
439,940,Nemeș,Liana,13gZ4GAYmgCBdHQvLDmh+w==,1992-05-06,Feminin,0741 576 974
440,941,Stancu,Ionuț,tAz6Zt4lIGN3NKaSugn3mg==,1936-12-17,Masculin,0751 186 426
441,942,Marin,Eliza,FlQRsHJKwNGgnVWJkBDCGQ==,1960-04-28,Feminin,0255 218 217
442,943,Florea,Albert,eniw8ZWWIzVWUqdgpe3iXg==,1953-09-07,Masculin,0269 495 304
443,944,Niță,Mirela,vc1ZYD6RmJ8mNcfFB0RNFw==,2013-11-21,Feminin,0734 223 290
444,945,Tudor,Severin,dek5cXe1nHT62thRYodHBQ==,1996-03-31,Masculin,0734 859 926
445,946,Suciu,Augustina,0dnGxlsM3Cy9pX7v3lhHcA==,1943-04-07,Feminin,0733 581 720
446,947,Preda,Teea,tzziyzpnHTnMB+RQLoGp7Q==,2017-11-21,Feminin,0738 709 260
447,948,Tabacu,Nechifor,kjNvj47Yg7KZl5ZUiYkWSw==,1975-03-15,Masculin,0725 699 242
448,949,Stoica,Răzvan,eGfbZ8gOZEDdYuG/hu7d7w==,1939-08-19,Masculin,0750 471 974
449,950,Mocanu,Ionel,K7ef7E7rwyTt/ZzvE0WRNg==,1980-01-17,Masculin,0263 492 755
450,951,Ioniță,Gianina,U04sy6JQZsdXYLUB3N11BQ==,1967-07-28,Feminin,0232 102 269
451,952,Stoica,Cecilia,LAxlnNew+KvAz7MpopE8JA==,1957-03-19,Feminin,0771 817 630
452,953,Stancu,Nadia,ZtzRoTtHbrFwJeJjdHbTEQ==,2014-03-24,Feminin,0253 329 694
453,954,Niță,Zamfir,wcI7iitrjBr6wOmRz6WeZw==,2001-02-02,Masculin,0244 881 917
454,955,Nemeș,Nicu,Gz9pbYaW93K/LctTY5ciRQ==,1932-01-30,Masculin,0731 923 680
455,956,Popa,Rareș,juD5vKIy7gsIBi0ShBdBkQ==,1953-04-15,Masculin,0730 842 494
456,957,Ioniță,Rodica,L9zi8wC5sjOJup3eayjdHw==,2015-09-11,Feminin,0252 503 942
457,958,Ene,Virginia,XTIFwyycsUKI7CByVOYR4w==,1932-06-24,Feminin,0248 993 453
458,959,Popa,Camil,4ov9C1OuhfDYyossWPGQsQ==,1947-02-11,Masculin,0771 473 677
459,960,Florea,Iulia,g3h257VibYZqWgN/7hcvPg==,1960-03-25,Feminin,0269 581 171
460,961,Ardelean,Cezara,SWf2zq/iF5bZ+I2DR6VAXQ==,1941-03-21,Feminin,0266 413 135
461,962,Stoica,Mihaela,IV2cmoa5oeXDjYPy8NUS1g==,1977-03-22,Feminin,0742 543 641
462,963,Ene,Pamfil,c42kw7gJRCMfssqK9hwoTA==,1955-05-28,Masculin,0743 548 783
463,964,Ionescu,Iolanda,jHhnfaIEKWg8eu0VilMNmw==,1990-12-23,Feminin,0242 436 595
464,965,Cristea,Toma,pnehht09Z81T3teQTe2e3w==,1934-05-04,Masculin,0264 482 650
465,966,Nemeș,Vasilică,hWX3uyKGn7OTF0AkkG9R9g==,2004-12-18,Masculin,0259 161 503
466,967,Diaconescu,Eusebia,iCBHSeWnHTJGRVad+71ZZQ==,2020-11-11,Feminin,0736 338 650
467,968,Florea,Clarisa,mkuoSg+jEVK/AifDHNl0Ug==,2018-05-18,Feminin,0738 378 831
468,969,Manole,Janeta,Bl2zr/RFVyYjId8SJVpQLQ==,1991-08-31,Feminin,0746 892 402
469,970,Tomescu,Albertina,LYl8fZeWiVE0B+zTh4lrNA==,1982-10-03,Feminin,0241 402 855
470,971,Suciu,Augustina,Jx7+fJeQhfOSkH7n9NnB/A==,1945-05-06,Feminin,0731 952 277
471,972,Dinu,Floarea,TTzvs82WWm0o+yup04JH6g==,1942-04-06,Feminin,0721 088 968
472,973,Dobre,Mugurel,fK2kFjtcmBw6wTpOErOdoQ==,1962-11-17,Masculin,0245 920 106
473,974,Diaconescu,Marta,9hlLSA2WjbIJ0fw8aSicgg==,1952-02-18,Feminin,0730 716 321
474,975,Ioniță,Lascăr,jY3HAE4YYgXUXW3JIcL9pA==,1931-11-04,Masculin,0748 415 024
475,976,Pop,Amedeu,D6Kbx6KKe44egnmP/QM6Dg==,2003-01-28,Masculin,0256 286 586
476,977,Toma,Ștefania,MmRHhv9lT4nIrEKFDjQ9Lg==,2001-05-27,Feminin,0245 304 175
477,978,Dima,Horea,vwxhtI/NBx2uH7sNhDy9yg==,2004-11-15,Masculin,0246 966 892
478,979,Toma,Ariadna,Uu6rtr4gYwLcH5nYaOlB9g==,1997-10-17,Feminin,0765 576 458
479,980,Preda,Iulian,lDTBBPTl5uiMH09lxTA9Eg==,1938-10-22,Masculin,0765 927 353
480,981,Dochioiu,Zoe,3dzmB0yMbfy6W2vneNB8ow==,1944-08-05,Feminin,0746 914 673
481,982,Dima,Liana,51BvcyXB40X6fXXQRfiCaQ==,2000-05-24,Feminin,0265 217 566
482,983,Nistor,Aurelian,3TlW4OTQOWRQYiK0Mv986w==,1942-11-18,Masculin,0727 007 133
483,984,Stănescu,Zoe,CDBf5AvpABo4p5e0nlrjcg==,1965-03-23,Feminin,0749 229 676
484,985,Dochioiu,Miron,C5g0FM9awr3P5eHnQCczxQ==,1930-03-11,Masculin,0727 719 583
485,986,Nistor,Dariana,q0NlWa1+domFbjZGQUZDoA==,1980-04-14,Feminin,0725 559 345
486,987,Toma,Leontina,DqWAVBY3UywOyA/mY4d7LQ==,1993-08-28,Feminin,0236 744 992
487,988,Popescu,Mihnea,Z1ZkUsVEZ2bS7uciYiil7Q==,1974-02-13,Masculin,0722 225 333
488,989,Popescu,Ioana,N5WzIgqPHCFJaIIVcM4uZw==,1946-08-01,Feminin,0243 688 484
489,990,Marin,Laurenția,jrhZA4BRRYcERhGRxl/rQg==,1927-07-26,Feminin,0769 563 150
490,991,Ene,Gheorghe,UMzFGP8RSbRVkFdPme1K0A==,1947-08-23,Masculin,0262 790 664
491,992,Marin,Andra,0JEpFxVM4wotoBUOI8nbMw==,1963-05-26,Feminin,0748 378 359
492,993,Dinu,Angel,+jtf3l8ddIdeCrB5dYPbZg==,1983-06-29,Masculin,0772 022 311
493,994,Ardelean,Amelia,dzy+NE67WvIv4IaF8upTcQ==,1989-05-15,Feminin,0254 895 494
494,995,Cristea,Titus,R2BwDz/M7VFjFDMPcV4CJg==,1960-10-04,Masculin,0771 542 227
495,996,Diaconu,Beniamin,FAAHhOBkNN5yvc3DGbRaUw==,2004-10-13,Masculin,0251 984 129
496,997,Nistor,Irina,aeWNV4gfkC8Or291Ne2sxA==,2008-09-19,Feminin,0745 637 174
497,998,Stancu,Constantin,HGvpNM0V0fHGpnAK2gBxDA==,1986-06-16,Masculin,021 649 8344
498,999,Nistor,Filip,7MthChfsYNL+qqqPPidxWQ==,1932-02-07,Masculin,0757 009 515
499,1000,Ioniță,Mihaela,VRBoiZDLjwj/QeVE3x+KUA==,1965-03-31,Feminin,0262 221 562
500,1001,Marin,Felix,oB2Ie1C/ZhgFeUYPzYAw2Q==,1962-10-21,Masculin,0258 340 837
501,1002,Stoica,Cătălina,kfrJJKgbR3hO+i/7jF21/g==,1995-06-03,Feminin,0257 932 254
502,1003,Barbu,Nora,SHo4+D7dCr+5DRSvO/36gw==,1964-03-15,Feminin,0755 647 679
503,1004,Aanei,Nicuță,vt7SriUVtnzcHGDPXLQ2rA==,1968-04-03,Masculin,0252 546 284
504,1005,Diaconescu,Victor,ebCB+gtw3eDQGkbc/KSejA==,1949-08-04,Masculin,0750 180 460
505,1006,Suciu,Viorel,5inY3abx7ZfGAlYIQdJUPw==,1989-11-21,Masculin,0764 070 828
506,1007,Stănescu,Ernest,MHA4uAe/lVQxMcU3NYXo5w==,2022-01-11,Masculin,0754 702 532
507,1008,Eftimie,Felix,cSlmE4f/pzyRDdrSXBKvvw==,1989-11-24,Masculin,0238 826 176
508,1009,Mocanu,Dariana,vw8Sxr45txEA321WUaJvuQ==,1933-03-26,Feminin,0745 208 768
509,1010,Dochioiu,Veronica,ZIesf/mn4TvHsaz/KYGRww==,1947-06-26,Feminin,0750 125 605
510,1011,Dima,Geanina,a44ecLEOX5oY7f8kbxoAoA==,1972-12-09,Feminin,0750 016 898
511,1012,Preda,Felix,dKkDzNN70VV7FDwXefoFEA==,2023-06-12,Masculin,0241 404 753
512,1013,Manole,Călin,YQEed7/n6vbP6uoaaYJJVw==,1957-11-01,Masculin,0250 295 028
513,1014,Niță,Emanuil,uFm/5PS7sE36fKDh5AQ4oQ==,1963-08-07,Masculin,0232 113 624
514,1015,Ababei,Gabriela,5rGhsfuMMtSf9dIPsz6N0Q==,1991-01-21,Feminin,0256 930 138
515,1016,Tabacu,Miruna,PETrof9x53VYPvPfU/ssfw==,1945-05-14,Feminin,0729 025 918
516,1017,Diaconescu,Adelin,Wk/X4xE4nn5Lf2/QRSXz2Q==,1953-08-05,Masculin,0233 502 972
517,1018,Mocanu,Valeria,n/gMEisC0aBw08Y1DRFJzw==,1963-10-21,Feminin,0767 559 912
518,1019,Oprea,Ieremia,lb4q4R+nsnW90K8v8h2otw==,1939-06-01,Masculin,0251 148 934
519,1020,Mocanu,Felicia,93A+dGISHM6HBT9Zjv5lJg==,2008-03-15,Feminin,0234 685 345
520,1021,Stancu,Grațiana,b1kdnb6lYW4Yus+wDXWEDA==,1943-05-06,Feminin,0262 536 945
521,1022,Florea,Fabia,XBGvZzuMQb31UGKEs9+zpA==,2009-01-19,Feminin,0760 864 535
522,1023,Popa,Sorina,8z14WANE34DueQu1lOVU1g==,1990-11-15,Feminin,0742 313 362
523,1024,Popa,Vasile,v2EgLE7jv1DZhcnVzd7b5Q==,1973-08-14,Masculin,0756 282 248
524,1025,Pop,Viorica,f/r+GhKrfWL8DWKWIBcGfA==,2015-09-04,Feminin,0733 423 863
525,1026,Dobre,Anaida,LEF/0PeieIW9YbY5upT2xA==,1973-07-15,Feminin,0723 567 658
526,1027,Niță,Dan,Zw354TuqKiMjSkg09ry/3A==,1937-07-16,Masculin,0711 622 583
527,1028,Nemeș,Vlad,mPDqoCZTej1BonB05JAyhg==,1986-07-13,Masculin,0723 258 428
528,1029,Suciu,Ilinca,9o6cyDLwOBvgzeQ67itnvA==,1984-04-21,Feminin,0734 217 315
529,1030,Diaconu,Hortensia,8G4+DUJc6zS+/N/s1RfO/g==,2003-07-22,Feminin,0266 469 645
530,1031,Toma,Gențiana,Z1HDTU61AIObdwHNs9DkVQ==,1932-05-23,Feminin,0233 549 821
531,1032,Aanei,Irina,U3j+A6WEdZBngjTWXGKt7g==,1931-01-15,Feminin,0764 695 351
532,1033,Ionescu,Marina,zidFIw/jGayCTmIWRI35JA==,1945-06-22,Feminin,0743 461 619
533,1034,Tudor,Artemisa,JmoGIxC8TRGSygqmpIbVlA==,1967-02-14,Feminin,0728 370 424
534,1035,Dima,Letiția,YLoOi3D1nEpSDgRrFt2E/Q==,1986-08-21,Feminin,0254 304 831
535,1036,Cristea,Haralambie,5FUVW4e9W+q1Im81Unjo/Q==,1950-04-30,Masculin,0256 289 190
536,1037,Diaconescu,Dalia,YuLJcRntC6R0Zk1ACntjNQ==,1941-09-14,Feminin,0753 797 745
537,1038,Preda,Crin,NkM3BvcZzrirhivgdm/Eng==,1972-12-21,Masculin,0780 817 834
538,1039,Cristea,Marian,RKaMKjdxcRYR4gS25gliMg==,2019-08-12,Masculin,0753 042 111
539,1040,Florea,Ada,R3FzW62Zim68yt81UBqe/A==,2019-04-11,Feminin,0766 428 863
540,1041,Ababei,Daria,skSXdcKU+ux4gU+1pdBMHA==,1997-11-02,Feminin,0735 765 124
541,1042,Tomescu,Blanduzia,R4fgW3kyNYmCEzXXjivZwg==,2017-12-01,Feminin,0748 628 582
542,1043,Niță,Anatolie,V3MqUGBh1AtzYV+XGQvYOQ==,1961-08-23,Masculin,0756 286 990
543,1044,Pușcașu,Aneta,eSaFHVwc83kxCZwTApLybg==,1953-09-15,Feminin,0736 043 984
544,1045,Dumitrescu,Angela,MUfq6/el1Q21AJdsJTB4PQ==,1938-09-17,Feminin,0771 023 557
545,1046,Mazilescu,Marin,Lk/8o2aByZGfrowROGHXBA==,1936-12-13,Masculin,0752 666 978
546,1047,Voinea,Bebe,tc0ZIxJ75Ui7JC4AlXrxWg==,2005-10-20,Masculin,0765 751 588
547,1048,Albu,Vasilica,FESVK13YQg9hA7B6PwzZcg==,1984-04-13,Feminin,0723 611 026
548,1049,Gheorghiu,Coralia,f/8CYwh6oFtAxCSy4dIgyw==,1938-12-18,Feminin,0234 064 399
549,1050,Gheorghiu,Octavia,9hgj0Kt4jpA+cl0Bdj6qmw==,1966-01-05,Feminin,0780 331 561
550,1051,Barbu,Radu,WPdrDIyMiMufb4BJConH9g==,1949-07-25,Masculin,0769 203 301
551,1052,Ionescu,Niculiță,bEjMyvjTNpb4xFtK0KnT7Q==,1964-04-07,Masculin,0742 567 135
552,1053,Ardelean,Inocențiu,QNlVA8DUgugQV1AeyDwz6g==,1975-04-28,Masculin,0723 373 794
553,1054,Barbu,Georgian,Vokf6S7ki9maDJXRps/oEA==,1960-08-27,Masculin,0736 918 640
554,1055,Stoica,Rareș,tFyhwvfslzyTLtTappwd+Q==,2004-12-17,Masculin,0260 443 324
555,1056,Popescu,Denisa,7g0/+QWpafLcvs2LkBvJ3w==,2000-01-31,Feminin,0770 785 274
556,1057,Nistor,Rareș,eV+KeqV/gvWLr3MhbKGa1g==,1979-03-09,Masculin,0742 780 026
557,1058,Manole,Eusebiu,MbDXrQojkum1bNckZpSKHQ==,1978-01-10,Masculin,0729 249 727
558,1059,Nistor,Alina,s6qODVXz3kfUe/yEx9Mozg==,2013-06-28,Feminin,0265 113 163
559,1060,Dobre,Ioana,szn6HavBGOOjtNbFtCFzFA==,2024-04-13,Feminin,0788 578 496
560,1061,Dobre,Lioara,tQ9xstv7XK0EAi2p9YEEXA==,1998-08-16,Feminin,0758 348 573
561,1062,Dobre,Emilia,saGoRR+2ycinFEyqcXUgaQ==,2010-03-30,Feminin,0234 949 029
562,1063,Stănescu,Jan,9knxaf3BAHW2zML5BXc0CA==,1965-05-28,Masculin,0753 101 445
563,1064,Toma,Ozana,Q0Nsr2bk2AnOYpvBNkK4vQ==,1973-12-28,Feminin,0748 964 869
564,1065,Georgescu,Angel,eSrxyqviwLaaIBhFlswzYA==,1973-11-19,Masculin,0760 378 710
565,1066,Diaconu,George,WphMqHSdekHC+kfG0amzVA==,2020-11-30,Masculin,0733 322 204
566,1067,Tomescu,Oliviu,uL5h1QhgXqAJVmZhg/49Kg==,1966-02-07,Masculin,0749 223 637
567,1068,Albu,Sorana,S/iBJasKjI1j9E9QBY2TdA==,2016-08-05,Feminin,0736 898 543
568,1069,Barbu,Eliza,LHHaq697ZqUXno8HwWPn/g==,1939-03-08,Feminin,0732 517 925
569,1070,Georgescu,Letiția,qfVdtiw508WvXwB6AsS6ZQ==,1936-05-17,Feminin,0721 981 098
570,1071,Voinea,Mirona,nK4Y5hUxG2TIe7HJCUT2Fg==,1938-10-27,Feminin,0780 620 370
571,1072,Ene,Beniamin,4knwunF5ZPnNjEqXinb5EQ==,1994-03-14,Masculin,0254 249 871
572,1073,Ionescu,Norman,wI4IreM0eGD7Uq5fOEDwTg==,2020-08-14,Masculin,0758 189 822
573,1074,Tudor,Mitruț,Lv4mhAmZkubqLCVNO0TLuA==,1979-11-05,Masculin,0769 327 144
574,1075,Aanei,Elvira,19QAH8oA1VTCWb5zF7UVWQ==,1958-04-28,Feminin,0242 557 795
575,1076,Nistor,Blanduzia,QS9aDWz5fepj6eXWtmq7nQ==,1987-06-28,Feminin,0240 446 284
576,1077,Barbu,Alina,4MEWuuFFvCeKbTedGTOR1Q==,1944-03-26,Feminin,0760 355 505
577,1078,Ioniță,Avram,h6xa2MaSDcHVj3KUzSWypQ==,1940-11-26,Masculin,0751 339 362
578,1079,Diaconu,Lia,y/bFnsj2Cx812ZcqQYkntw==,1962-10-05,Feminin,0732 350 697
579,1080,Eftimie,Traian,GHPPAaUcfcKDAf8muDzlwQ==,1974-02-02,Masculin,0786 099 679
580,1081,Dima,Clara,XSiF0MsNN7x49JbAjyLTPA==,2001-05-25,Feminin,0757 591 042
581,1082,Pop,Grațiana,apO74WB5pupaDqCYUP6BGw==,1961-09-13,Feminin,0786 559 025
582,1083,Diaconescu,Adonis,vCbixqDhpR30kxER80i6dw==,1965-11-16,Masculin,0771 086 881
583,1084,Florea,Ancuța,nYbowJtF9Ytz88wN7JJQcA==,1971-02-18,Feminin,0726 896 264
584,1085,Nistor,Teodor,4T/hAPsvvYXoiID0iqCLNw==,2004-08-02,Masculin,0771 695 789
585,1086,Niță,Marcu,keMU+5D28+ZuSWEN9z6BGg==,1952-10-31,Masculin,0245 803 333
586,1087,Dima,Aleodor,oJZBERa7P85zITFpoqAPWw==,1938-01-07,Masculin,0236 170 010
587,1088,Gheorghiu,Julieta,eVUQMVMKXHjF65eJhoEeMg==,1940-04-24,Feminin,0766 233 758
588,1089,Pușcașu,Victoria,CHFo24qrwNdcBW0er8Q47Q==,2020-12-11,Feminin,0752 416 344
589,1090,Pop,Petronela,RS/n3P2QaPFVuc6YAe07ZA==,1977-12-05,Feminin,0248 148 346
590,1091,Tudor,Grațian,g4NxYgMhgKg9RysDHrKI9Q==,1963-07-30,Masculin,0753 268 418
591,1092,Pușcașu,Leopoldina,XIEJ2o5y4VTag7zL2cNUhQ==,1949-04-08,Feminin,0738 189 936
592,1093,Eftimie,Lucrețiu,rZHbw8ZC2a2Snv+X5mnYQg==,2002-05-08,Masculin,0751 321 900
593,1094,Dobre,Gianina,KZCiWfPd+ac1juv3VstpQA==,1964-07-30,Feminin,0740 708 909
594,1095,Florea,Claudia,Tuv/yKACtsn3GEs8h5D19g==,1984-12-25,Feminin,0235 904 576
595,1096,Albu,Manole,wxSiLF5wLoLs7BI7fPuS6w==,1946-07-13,Masculin,0233 022 534
596,1097,Dima,Avram,d5irQbXs8vnoPCbWBCSTYQ==,1947-09-17,Masculin,0232 778 011
597,1098,Aanei,Gabriela,stPd8oYa+7n9BSUMHHmBZw==,1960-07-13,Feminin,0745 800 039
598,1099,Nistor,Voicu,U6f4yjrC0b3X3Ug/yZiHoA==,1990-10-24,Masculin,0265 233 939
599,1100,Niță,Grațian,mELPihhqLi14qhpoDWkfDw==,1934-03-03,Masculin,021 052 1176
600,1101,Pop,Zamfir,IcRAoqkCUuidKooiro8R8Q==,1999-03-17,Masculin,0733 550 985
601,1102,Florea,Francisc,Wul/mcfswSsiBz2LJ3aVyg==,2014-11-22,Masculin,0772 012 269
602,1103,Aanei,Olivia,nlgj5OvQ0UXPsLcZVJLbtg==,2021-11-23,Feminin,0746 495 630
603,1104,Voinea,Narcis,qTvB6Nvc5Xhz7C7ijdONFg==,1972-07-26,Masculin,0756 622 239
604,1105,Mocanu,Melania,f8qhP+AsFmB2rtBLsqXDdg==,1982-12-22,Feminin,0769 112 766
605,1106,Gheorghiu,Cristea,7SdkBfWUo+RPMTH37dxGng==,1985-01-31,Masculin,0766 622 503
606,1107,Nistor,Anda,R8vFWYna9lCQWJ5rGkXIow==,1990-01-14,Feminin,0262 286 194
607,1108,Dochioiu,Mihai,P1DO31cI4Y6FLKDQOClAQA==,1948-05-09,Masculin,0759 253 253
608,1109,Albu,Alexe,bvXz3kmH9Jr9X3iby8vkhA==,1936-12-09,Masculin,0249 394 121
609,1110,Tabacu,Eleonora,6IlidIpZ/rkSL3AWztwj/A==,1959-12-22,Feminin,0239 943 554
610,1111,Ioniță,Georgel,4pXcFcXalfkie8lPC9qt1w==,1947-08-31,Masculin,0788 147 027
611,1112,Stan,Olimpian,hpHo9AzecMzdOPhc/pvcqw==,2014-04-10,Masculin,0259 668 963
612,1113,Voinea,Lazăr,O12VLpbAZnvu8S+WswGIyQ==,1988-12-03,Masculin,0256 394 511
613,1114,Albu,Ladislau,eIBefM2i6n1wVxsiKmtxUw==,1954-05-18,Masculin,0766 025 768
614,1115,Popa,Petronela,kV2/FnB8Lr6ha7q7qj8aqg==,2011-07-23,Feminin,0251 242 876
615,1116,Ene,Zamfir,I43ZhSnUT3AvK8g3zOQHEQ==,1973-10-15,Masculin,0231 098 510
616,1117,Dima,Nelu,j6uFvbx1c8l8Zu+0EG1GiQ==,2015-03-09,Masculin,0738 852 427
617,1118,Dochioiu,Sonia,9u2wzb36jhT3cSWh6c3Y1w==,1984-06-22,Feminin,0254 411 275
618,1119,Nistor,Costin,/YAjBm6UAoSa+KCNubcwpw==,2022-09-30,Masculin,0268 044 862
619,1120,Ioniță,Iuliu,RKnIoFvZjgzjHmR3HS0onA==,1980-05-26,Masculin,0726 554 855
620,1121,Barbu,Agripina,yp7QB3SJx77URxt5m+U6xA==,2022-03-20,Feminin,0721 053 859
621,1122,Stan,Gențiana,bUQC55VO7UJ1Q8r60WrKcw==,1960-07-25,Feminin,0766 935 373
622,1123,Mazilescu,Norbert,ogpwPqgiXMKj7pWB6v0p2w==,1996-10-18,Masculin,0254 622 325
623,1124,Nemeș,Adelaida,/5NJ8sdpanIWTMGaWBKMaA==,2003-09-30,Feminin,0256 364 661
624,1125,Stănescu,Svetlana,FEylojIqR+20HiUPdcBdJw==,1939-05-09,Feminin,0740 489 163
625,1126,Barbu,Adrian,ERlLSbRv1qc8fvtziML0Yw==,1987-10-03,Masculin,0733 226 259
626,1127,Pușcașu,Adela,L1dpf3hxGkeynqj/zdn67w==,1927-05-04,Feminin,0767 907 472
627,1128,Cristea,Minodora,OMb08DeIyeB3CvdQ8GKmRQ==,1982-09-14,Feminin,0727 742 607
628,1129,Tomescu,Emanoil,qSJlRCmSQ6eZnZXFQzMLAg==,2010-11-18,Masculin,0738 810 450
629,1130,Suciu,Darius,GwdiytStS37Wdk2qbRIIiQ==,1976-03-21,Masculin,0726 652 046
630,1131,Ioniță,Teofil,wR21fVJ8TURpyRTD+5lgtg==,1942-06-29,Masculin,0243 152 709
631,1132,Pușcașu,Aurică,a0yPu+lXULS4kQYqBqZ53Q==,1967-10-30,Masculin,0752 812 449
632,1133,Dobre,Mihaela,osb6exX60+eS4/bzO0oqCw==,1960-03-19,Feminin,0743 138 385
633,1134,Tomescu,Sorana,098CTP0KHIRS+Hz67mkCHw==,1934-02-07,Feminin,0721 869 257
634,1135,Cristea,Izabela,dHsDGqUvXlNDSCqoXyN+dg==,1955-06-15,Feminin,0238 621 983
635,1136,Aanei,Sandu,RntsNPLu6P/TgmRPkE55kw==,1961-11-01,Masculin,0233 733 436
636,1137,Pop,Darius,5FC22YtUDKhnsVyGJ36INg==,1983-10-11,Masculin,0263 312 058
637,1138,Stănescu,Gherghina,x24TcJzvr7zCZgZTj4QoaQ==,1975-11-15,Feminin,0235 370 279
638,1139,Pușcașu,Iustin,nJ16X+HjpPrHb3wa3jI4PA==,1956-04-12,Masculin,0244 891 140
639,1140,Stancu,Codrina,+d/08QUg2F25wHH5eGeM3w==,2018-12-22,Feminin,0743 858 598
640,1141,Dochioiu,Leopoldina,PmOOqZPcU1zeihdeNikUsw==,1977-11-03,Feminin,0236 952 500
641,1142,Ene,Severin,JvJROBmXS7m9R48p5lJhig==,2004-04-04,Masculin,0780 788 752
642,1143,Toma,Ducu,+s6IfeOzRa3okau2b4CXdw==,1949-06-14,Masculin,0247 723 493
643,1144,Suciu,Timea,yiIFsSAhowt8a6bqIWtMmQ==,1932-02-04,Feminin,0752 558 317
644,1145,Stancu,Nidia,15flJlc66/DzynpwINus1Q==,1959-12-10,Feminin,0241 369 284
645,1146,Pop,Cristofor,j76+aEqKOYJVkQLfcAG+Vg==,1951-09-08,Masculin,0760 801 393
646,1147,Albu,Ianis,x1dhWih2L2pK/PJ7Th9mwQ==,1933-06-25,Masculin,0267 206 806
647,1148,Popa,Dumitrana,CR7n76eAJMOl9KpN2hTPgQ==,2001-10-15,Feminin,0239 351 622
648,1149,Toma,Dumitru,rDjWys69me1vHFFlk2QPbQ==,1935-10-21,Masculin,0231 398 141
649,1150,Eftimie,Dorel,R1qkSPE5z9lk0rT/FtN+Wg==,2023-01-23,Masculin,0249 391 381
650,1151,Dima,Lazăr,m4uTWs874HhljB4qMYxoRA==,1974-04-04,Masculin,0243 894 285
651,1152,Ionescu,Dorinel,RvRpKKsMKqLgqZzJfx4hhQ==,1968-07-10,Masculin,0763 895 400
652,1153,Suciu,Teona,jU4HhbLRCNxQFUpu0YDBWg==,1982-10-24,Feminin,0740 145 407
653,1154,Cristea,Lucențiu,Y9P6wpdo9DyYE3OiRcPc6A==,1931-09-13,Masculin,0742 582 989
654,1155,Cristea,Catrinel,/lIixueCfw7h+1FAM8f2VA==,2003-03-17,Feminin,0744 427 335
655,1156,Tomescu,Teofil,gjI0//IFRfjjuTYfNTH2ag==,1957-02-24,Masculin,0786 788 041
656,1157,Ionescu,Viorela,uluq16PRqrK/QPZUZ5ibBQ==,2010-09-19,Feminin,0780 539 403
657,1158,Oprea,Rebeca,P+Z2qQa8vnUPKKVlv+Z/ug==,1950-08-09,Feminin,0269 424 904
658,1159,Stănescu,Sinică,pOiN5Td4ILHXad99b7pXMg==,1979-11-17,Masculin,0265 447 137
659,1160,Dobre,Alistar,M7myGq8RmyVm3kivFlH8nw==,2012-08-08,Masculin,0231 620 094
660,1161,Diaconu,Casandra,njBs3LnkM0PJRdv4QytMmA==,2011-11-20,Feminin,0265 590 228
661,1162,Cristea,Teofil,s/M/ogza//rS6TniHreisA==,2016-08-12,Masculin,0738 773 446
662,1163,Diaconescu,Varvara,Aotv70aE4aiyG3aB1FTL/w==,1946-10-03,Feminin,0261 019 363
663,1164,Suciu,Roza,SX1gRm6SWSjVXzR6QII5iw==,1986-03-22,Feminin,0752 486 113
664,1165,Oprea,Vanesa,DSEm9VcfuFgBJzZcSSsh1Q==,1942-05-29,Feminin,0242 996 388
665,1166,Cristea,Axinte,/yn1pWIWg4h+/ie2A0w/ZA==,1999-01-13,Masculin,0262 202 430
666,1167,Ioniță,Octav,1r3DM5p0iR5Q+Eengja3NQ==,2021-05-14,Masculin,0737 461 862
667,1168,Gheorghiu,Marin,rMK0ZmRT12LJ0A7IKufd2w==,1998-09-09,Masculin,0767 359 136
668,1169,Aanei,Nadia,FMUyKEHajk8VRKQI1+8UsA==,1958-06-22,Feminin,0711 503 586
669,1170,Tabacu,Petrișor,pdkmGulufCsnjUUBKrqPVA==,2019-03-10,Masculin,0757 195 468
670,1171,Marin,Codin,OXFj5W/PvdLQaHkqlll3yw==,1970-09-12,Masculin,0262 116 063
671,1172,Barbu,Eric,abhkyybyldRV5WUAajGgrQ==,1961-07-05,Masculin,0265 345 387
672,1173,Tabacu,Iuliana,GMLibFFbBNda6sOV24JOnw==,1958-08-17,Feminin,0752 497 695
673,1174,Florea,Lili,8TUHfpiJHpx9ckR+YM942w==,1944-03-02,Feminin,0245 852 376
674,1175,Barbu,Varvara,s0VvP5yRa563yAPolBNzUQ==,1993-03-17,Feminin,0259 991 347
675,1176,Toma,Ioan,eChe5bjirJuYcTmWoUI7Mg==,1954-07-10,Masculin,0265 840 132
676,1177,Oprea,Cezar,QOHAzS/r9PwzFZVf9tQJZw==,2019-03-25,Masculin,0711 194 327
677,1178,Ionescu,Mugur,AMB9UUV5O6ifMOyxXQjAog==,1945-04-04,Masculin,0768 058 283
678,1179,Suciu,Mioara,Bt73/DE3RumXMC/sICIU7g==,2014-07-21,Feminin,0788 362 842
679,1180,Marin,Bianca,xwEGtxZqyCUVDpaG0YOStQ==,2000-06-25,Feminin,0746 414 116
680,1181,Tabacu,Adelaida,14PD8gIQ+4EmJfH6YnSDrg==,2001-06-16,Feminin,0784 963 867
681,1182,Ene,Olimpiu,+Te01n+C0L5N66JzhKhnSg==,2008-02-23,Masculin,0732 307 718
682,1183,Dima,Stelian,RikTPSmZA4T4hy9Slhym3g==,1998-01-15,Masculin,0253 307 620
683,1184,Nistor,Dorin,7TMuRiQSo8PKIi3ThjY+BQ==,1947-01-28,Masculin,0733 658 361
684,1185,Georgescu,Carmen,WrMxYlko0z4OVwcFA8ZLrw==,1935-03-17,Feminin,0257 383 810
685,1186,Ioniță,Dorel,zZl9vnXZdvtpCXa0AAEg5A==,1975-12-25,Masculin,0238 973 706
686,1187,Albu,Codruța,kzFBvac3KVOmJKWPDNOzTA==,2005-03-19,Feminin,0264 049 420
687,1188,Tomescu,Isabela,bRsd7uOtnBhDfX/yn/g/mg==,1931-11-04,Feminin,0739 949 218
688,1189,Mazilescu,Liviu,+bVUOu0p0EpE+k4CAIl38g==,1971-12-05,Masculin,0241 145 642
689,1190,Tabacu,Grațiela,OtUfutQNCybpUO+m/d9jKg==,1994-05-01,Feminin,0753 404 491
690,1191,Stan,Izabela,HmttTTTU9Pa7/ie58kYjeQ==,2003-04-10,Feminin,0263 438 065
691,1192,Florea,Codrin,kwpZSjVhk0dQZ4fibyDjgw==,1976-07-23,Masculin,0259 493 805
692,1193,Nistor,Antonie,Dn+NIpLj0hswdqStF1gDMQ==,1979-04-03,Masculin,0745 539 033
693,1194,Dinu,Teodor,QZz2c92/9fOIzEUZNmxTUw==,1972-04-20,Masculin,0763 567 948
694,1195,Nemeș,Nae,0nUTq++GL8cSfisqNsin+A==,1937-08-09,Masculin,0727 550 817
695,1196,Georgescu,Francisc,5FH6AMUQ2cr/Kk4fcehbgA==,1980-02-10,Masculin,0771 534 901
696,1197,Suciu,Victor,YbkTE/krwQnIGUhOBJrWFQ==,1980-03-12,Masculin,0725 686 134
697,1198,Nistor,Stanca,Ut8Dx9KTqnowcNJ91p9xDA==,1988-02-14,Feminin,0258 587 550
698,1199,Gheorghiu,Sandu,Kv2KYgFDGyhWq59jO34aMw==,1938-03-27,Masculin,0235 941 564
699,1200,Dobre,Vicențiu,SYsXw0Bywij8vHqyrTr20Q==,1984-09-10,Masculin,0241 773 476
700,1201,Dumitrescu,Norbert,m1HVhIGSuKEI+AeY9Euj6Q==,1990-08-26,Masculin,0721 422 820
701,1202,Stănescu,Nidia,CKP8KyHHNzxmHFrAqqkKkw==,1999-04-24,Feminin,0722 185 370
702,1203,Dima,Fiona,EBDt2FbVmeLie4Ef5oW2Tg==,2023-07-16,Feminin,0745 056 159
703,1204,Eftimie,Mircea,GiWoovwNqLZsgKnd4L9oOQ==,1960-10-06,Masculin,0738 418 078
704,1205,Florea,Florica,TEbI8fdpA+xd4F2mPKN6pg==,1987-03-13,Feminin,0747 415 221
705,1206,Pușcașu,Paul,1x1DFFVwG5z9F9akGtW2RQ==,1997-08-25,Masculin,0254 918 313
706,1207,Pop,Dorin,57Rj40ksAGTekL7z3/UkrQ==,2012-07-03,Masculin,0232 771 682
707,1208,Toma,Zenobia,uriTl0Gh9pnp+MTMh06gxg==,1948-06-30,Feminin,0232 754 388
708,1209,Ioniță,Domnica,IkGiw29GI2mgyE2Hcy3FGg==,1934-11-04,Feminin,0236 061 729
709,1210,Georgescu,Eftimie,K67e5s4NgpMChRQKKhUuXw==,1969-04-14,Masculin,0265 217 008
710,1211,Dima,Zenobia,no+z4rmSZwLrhpo3qxwlTg==,1944-05-28,Feminin,0721 032 206
711,1212,Stănescu,Lăcrămioara,+V0Md0dq035AHipA+jj/aA==,2012-08-16,Feminin,0725 940 332
712,1213,Oprea,Dora,bHpdArHK0PdaeRqblaH2aA==,1973-02-24,Feminin,0734 660 577
713,1214,Dobre,Vicențiu,0fViY47Sk0M+OcZz4Kb9xg==,1927-07-15,Masculin,0729 031 919
714,1215,Barbu,Ileana,p+2vpquR8pzeKI3YOfDfuQ==,1984-06-19,Feminin,0232 604 295
715,1216,Tomescu,Georgel,v7PY5VTmuhTck9AD5gWfdw==,1986-12-05,Masculin,0771 941 553
716,1217,Albu,Costache,7/6nHfQ9GW6AQG2Yrqi2/Q==,1999-03-25,Masculin,0729 438 987
717,1218,Ene,Zaharia,PtMq0JLfzikt/DxmDYPjkw==,1984-07-12,Feminin,0752 915 629
718,1219,Stan,Carolina,aImmnQ+FqPGwYEWMPgrErQ==,2008-12-26,Feminin,0734 653 750
719,1220,Dumitrescu,Agripina,NeXyCJ7+YO5XQMD+Irf7Og==,1995-06-15,Feminin,0235 017 896
720,1221,Tabacu,Eustațiu,HQv2SZS6H2tyJW0Xt8mM7A==,1946-09-23,Masculin,0253 986 076
721,1222,Dochioiu,Amza,lbbUMQ8QzC2hc1a+x2fSQg==,2011-01-28,Masculin,0755 202 856
722,1223,Pop,Eva,6ESmYLHknC4G2C1nKOEeNw==,1997-10-16,Feminin,0738 277 285
723,1224,Preda,Emanuela,t4PoSbhWsdX0CTfL4OBXwQ==,2002-06-29,Feminin,0723 435 357
724,1225,Pușcașu,Vladimir,BxEQQv6g/w2Ds+Dh3GNzCw==,1970-06-01,Masculin,0767 436 084
725,1226,Preda,Teodosia,h154LxBHPC35L37dQsH0NQ==,1955-03-29,Feminin,0266 554 836
726,1227,Preda,Eduard,MRb0o12jZ/aq4e0N8Gq5SQ==,1968-03-20,Masculin,0739 995 734
727,1228,Ardelean,Aurelia,FFBkvASpIysxwJ8UqH/Zsg==,1932-12-20,Feminin,0246 742 171
728,1229,Popescu,Octav,ho8ByXpak6P1GPtJO1me9w==,1935-03-01,Masculin,0788 377 217
729,1230,Stan,Daria,FdLJ0tEYpypUj4Auc2xzlA==,1948-08-16,Feminin,0753 664 151
730,1231,Nistor,Sorana,JJlA3S8RlihTaffqGHYsug==,1942-11-15,Feminin,0246 019 595
731,1232,Tudor,Atena,F/J4tiSdDdmqAiJloVKLUA==,1959-02-24,Feminin,0754 798 643
732,1233,Dima,Violeta,Gz2zvKLKmO+UbfxH8ykiHQ==,2009-10-25,Feminin,0752 744 371
733,1234,Voinea,Ionel,weMk5tpDJ240ZCj3PKrnQQ==,1936-05-13,Masculin,0732 710 444
734,1235,Ioniță,Felix,sETw56VxF2mQDqsDmiovAA==,1968-02-07,Masculin,0757 050 938
735,1236,Ionescu,Timotei,VKHCUojCgqv9MGK2SimIww==,2023-11-25,Masculin,0736 658 744
736,1237,Ioniță,Eliza,VVTWjV554Z/OgRzHCkpT8Q==,1952-11-04,Feminin,0724 196 503
737,1238,Mazilescu,Andreea,QgyCb2M914hYgk00jEggSQ==,2023-03-05,Feminin,0264 964 830
738,1239,Suciu,Suzana,Gqcp54WuJRlqisvYgQSM0A==,1956-08-12,Feminin,0250 174 516
739,1240,Preda,Victor,JA7qO0LAqKxWMPdMJQHSLg==,1948-01-16,Masculin,0247 266 011
740,1241,Tomescu,Sabina,xjLBAQdkN8OlgaICRJjzNw==,2011-12-25,Feminin,0786 120 316
741,1242,Tabacu,Nicolae,PYN6gjyly28F77jIurB4/w==,2004-09-27,Masculin,0244 613 025
742,1243,Tabacu,Pompilia,ew+iH4w09rCJgzP2X40CyQ==,2007-11-23,Feminin,0759 196 762
743,1244,Dobre,Consuela,kCRRhvUntHbERL6gfkcPCQ==,1960-11-12,Feminin,0765 534 176
744,1245,Ene,Jana,Tv7Ob8utFS4JMgIqtYIwLQ==,1932-09-18,Feminin,0728 451 469
745,1246,Tomescu,Antim,wpI0NX267gatehwCAwFKXQ==,1939-11-26,Masculin,0737 297 510
746,1247,Popa,Vlădelina,dLFFzpeLaqCT+tvDn4i5KQ==,1951-08-09,Feminin,0755 082 225
747,1248,Barbu,Nicu,anYxLTnxSUlinKL0KjqNbQ==,1997-06-28,Masculin,0750 329 307
748,1249,Ardelean,Lucențiu,X2aaQ+iidSh/OzQioDfSKQ==,1987-06-07,Masculin,0252 902 605
749,1250,Pop,Achim,S2CGUKM7atQcWPO29mMs8g==,1959-11-03,Masculin,0723 273 876
750,1251,Tabacu,Codruț,0/3G4/tcJPyp2dF4R6aNPg==,1998-08-22,Masculin,0757 219 546
751,1252,Pușcașu,Celia,V/QgYeHFGaLNr7ELibhy8A==,1962-05-10,Feminin,0759 948 118
752,1253,Dobre,Theodor,7M7VX7Vc4JrAO1F9w3m7Ng==,2017-05-31,Masculin,0255 570 955
753,1254,Florea,Livia,amCjEWkn2Bj2DYDSXM8RfQ==,1983-05-03,Feminin,0736 576 172
754,1255,Toma,Lică,F5IqCUqKAqbcoxYUpw26hg==,1963-12-06,Masculin,0261 460 019
755,1256,Diaconu,Bănel,/UzhLTC0SSd0jN8lBFyb2A==,1996-06-05,Masculin,0259 314 344
756,1257,Popa,Domnica,3HFZefVfBI1HrffaKJWiwA==,1990-01-20,Feminin,0753 566 422
757,1258,Dumitrescu,Ludmila,RP1gqUeflye/fX1GascsRA==,1938-12-22,Feminin,0236 633 784
758,1259,Oprea,Virginia,Ttkyo9dW93F+savMHKkriw==,2007-01-13,Feminin,0748 435 163
759,1260,Popa,David,j6eaN/J8XBJEfL4mq4Dq1w==,1998-04-17,Masculin,0232 060 386
760,1261,Ardelean,Sandu,G6UFJyubMQUR4vJXQIaMZQ==,2020-05-24,Masculin,0237 792 915
761,1262,Ioniță,Evelina,Mu+AViE14h/Pdp6JSG5V5Q==,1962-09-06,Feminin,0727 344 280
762,1263,Dinu,Betina,rQ5quz6rAAeADb7Wz0/WOg==,2003-07-28,Feminin,0786 412 928
763,1264,Tudor,Iuliu,ATdkCUI1SLsQNbV2Jy5MqA==,2018-12-31,Masculin,0766 455 884
764,1265,Stănescu,Dumitrana,2lZsN+Pu7hb6M+yxkSYeBg==,2020-05-22,Feminin,0253 845 549
765,1266,Diaconu,Dorin,OwtS1WMbl4bkP5eRbLkhXA==,1972-03-29,Masculin,0762 737 941
766,1267,Mazilescu,Delia,CWAegzMd9YmXTUDCBJanxQ==,1945-04-19,Feminin,0720 077 238
767,1268,Nistor,Dorinel,hbx/PRiAjnkXe4TYTYhQZA==,1967-03-28,Masculin,0724 720 268
768,1269,Stancu,Angel,es2UbH2klgNHO8Hi/ML+7w==,2007-03-16,Masculin,0739 354 050
769,1270,Voinea,Horia,LKpfFr2nOSn0V2Zz5kH2qw==,1991-08-09,Masculin,0231 929 325
770,1271,Ioniță,Liviu,EcOujIodJX6vS3FQeiKYTg==,1992-06-05,Masculin,0251 258 971
771,1272,Diaconu,Dragoș,LmJOLhQe60iR61YYPMskmQ==,1998-04-22,Masculin,0723 984 723
772,1273,Tudor,Jenel,katzlt3fN73kF/gDPWikCA==,1976-12-02,Masculin,0268 919 288
773,1274,Dima,Oliviu,e6OtUT6PWVsGAoihScSiEQ==,1998-04-15,Masculin,0764 627 088
774,1275,Florea,Narcisa,sCeHgqUUUmmXjQorAxbjGw==,1971-02-22,Feminin,0255 919 979
775,1276,Aanei,Nadia,mTpDoIqL0jujXbbWtvXHTA==,2013-10-18,Feminin,0760 145 019
776,1277,Dinu,Arian,z6+4uuY5sw/aQengJs24qQ==,2004-05-29,Masculin,0758 354 384
777,1278,Barbu,Iacob,2yWgAmnGSvL8C1YudnyqPQ==,1933-04-30,Masculin,0247 099 735
778,1279,Dima,Iustinian,JQbeDgmxsyIVZcDQ7p0JrA==,2002-04-29,Masculin,0785 536 682
779,1280,Aanei,Maia,tV/X0sXiJbjPHqHpfPGF0Q==,1999-08-16,Feminin,0732 732 162
780,1281,Dochioiu,Pamfil,wPCQL6lG78Nt7GQBbVLR/w==,1964-12-21,Masculin,0788 926 682
781,1282,Ardelean,Vasilica,UBk0rksW+RRlRmmpYIEUow==,1968-04-06,Feminin,0269 946 732
782,1283,Ioniță,Narcisa,iacHrsCrNVrSNcNj/aSlfw==,1943-03-05,Feminin,0737 907 954
783,1284,Ene,Zaraza,P6qCJWTSdw+zuoaLz3rrOg==,1980-04-22,Feminin,0266 839 437
784,1285,Oprea,Cosmina,QB1lVrWf4bYR5vINvzhX0w==,1999-07-11,Feminin,0785 928 046
785,1286,Ioniță,Iris,BDH86AHzjyYGORdGn95S+w==,1973-10-03,Feminin,0737 734 664
786,1287,Nistor,Andra,ABl9w1++TGTpr7bNLopSxQ==,1998-03-28,Feminin,0756 850 918
787,1288,Tudor,Coralia,MzAu02portabeWH1+9rRLg==,1959-07-18,Feminin,0769 323 920
788,1289,Oprea,Mirona,KR0tdyyIhdV/z4+r86iOMw==,1973-12-07,Feminin,0249 726 384
789,1290,Aanei,Mărioara,PVzWR3uPXTsvF8hSfH+b1g==,2019-01-22,Feminin,0721 088 347
790,1291,Ioniță,Betina,yvHhzvv4C2QW7NLNtMnRiQ==,1972-01-15,Feminin,0256 680 664
791,1292,Albu,Mariana,rdFiXyUDMRYLbak/8BLDfw==,1979-12-24,Feminin,0744 846 212
792,1293,Dumitrescu,Romulus,wpCij7c3N9zDIqHsVvOiDg==,2022-01-01,Masculin,0250 641 497
793,1294,Tudor,Antoniu,CDRpyFQzNtEkoQrMMiqcLA==,1988-04-17,Masculin,0245 565 320
794,1295,Stancu,Petruța,00HstEGspoGTiSQgF+byyQ==,1961-02-09,Feminin,0252 420 980
795,1296,Diaconescu,Alex,hpSOHeCaADbH2Sy8AubkLA==,2022-09-12,Masculin,0764 704 301
796,1297,Nemeș,Lucian,13+QrKDlxNhx1v8jTSz5Vw==,2025-01-28,Masculin,0740 162 221
797,1298,Stoica,Octaviu,iwrU7i2pXKxtMg3WZ4WQkQ==,1953-03-15,Masculin,0734 524 653
798,1299,Marin,Nicolaie,AMPKB4KPCuaoiYXVoTDzyQ==,1986-10-16,Masculin,0257 837 338
799,1300,Diaconescu,Iulia,G/5PTeQPNo8mmb8ucMQ5Cg==,1963-06-27,Feminin,0768 867 879
800,1301,Tabacu,Irinel,7TdLkz0sOSFbzRvM2D5eQw==,1968-10-07,Masculin,0233 521 796
801,1302,Nistor,Jenel,VrYLLCKe+JMsr02mXKM+Ow==,2004-06-20,Masculin,0770 633 988
802,1303,Manole,Adrian,Eyj1WQIqB1zyqF3lyGbORw==,2021-09-08,Masculin,0762 215 922
803,1304,Diaconescu,Panagachie,b0jVma3plG1ABkzxw+J9Uw==,2015-09-17,Masculin,0760 741 708
804,1305,Ionescu,Constantin,gXxPHwkXHkqBt4U5CGF42Q==,1940-07-14,Masculin,0266 825 478
805,1306,Ionescu,Florica,rru04evq4C39rYNsAtvstw==,2021-03-17,Feminin,0246 646 483
806,1307,Pop,Anastasia,js1xd1YEFD+W31VQwUHhqQ==,1967-08-22,Feminin,0232 603 687
807,1308,Albu,Eleonora,OGQmNC5z26gZfNaySp+xYg==,1997-06-06,Feminin,0725 948 049
808,1309,Pușcașu,Eusebiu,xJnb4c5g8aA3cu8jXoGM1A==,2002-11-29,Masculin,0231 675 116
809,1310,Dochioiu,Aglaia,bOoDeAC4zTmiv7UZ0N+OvQ==,1938-01-10,Feminin,0253 191 090
810,1311,Tomescu,Dinu,MnIy7+E7Pcpnr4YK+IZW5g==,1970-04-01,Masculin,0240 592 264
811,1312,Popescu,Carla,3VmS4Vu+UL2u8xm3L3oisQ==,1959-06-19,Feminin,0786 402 192
812,1313,Nistor,Gabriel,gE5hYZUO1VgTcjzNiap0LA==,2006-06-29,Masculin,0758 740 392
813,1314,Tomescu,Carla,knwDm14d96pFmUEE1UF7vQ==,1968-11-27,Feminin,0246 643 684
814,1315,Niță,Horia,doPxxUgkrNMcTLOeVSaQ2A==,1969-03-03,Masculin,0753 650 015
815,1316,Dochioiu,Sorana,cefAxiPUB30Rx6xfPIK0Ag==,1927-08-19,Feminin,0265 248 907
816,1317,Florea,Bianca,JngPqARjsgb2lTsWGYVG+Q==,2005-10-03,Feminin,0711 996 283
817,1318,Ioniță,Ieremia,99ai97PfI9qhS3E0d5hUTA==,1939-11-07,Masculin,0231 362 665
818,1319,Diaconescu,Octaviana,Tm19WFMrKbI0zG0iMcJFRQ==,1939-07-05,Feminin,0728 651 041
819,1320,Suciu,Marga,axn+Ap8TzB1u2sPCnHY6aw==,1927-09-29,Feminin,0720 825 806
820,1321,Ene,Ivan,QuGGcJ3cEGyBQPl+Gl5aDw==,1936-11-25,Masculin,0269 206 113
821,1322,Nistor,Alice,wyiGgAvD+eiBzZV0qJDwMQ==,1995-02-21,Feminin,0254 979 417
822,1323,Dobre,Romulus,7xtlIzxvvWmzJ6GSy7bplw==,2011-01-16,Masculin,0763 620 728
823,1324,Suciu,Lică,Pfq6mV4mMP8nX8SBtsR0NQ==,1962-05-27,Masculin,0784 377 255
824,1325,Dochioiu,Vicenția,oJJ7RFRh0kJVT2BEkAFkcQ==,1997-10-11,Feminin,0237 267 659
825,1326,Dochioiu,Andrei,w/luB4/tD568dWCB1B0xnA==,1965-01-25,Masculin,0758 031 049
826,1327,Dobre,Brăduț,elWtJCDFC8zgu0yzvKqexA==,1994-06-09,Masculin,0241 559 438
827,1328,Aanei,Panait,I8Op7RWxZIFoBl6H0VjKgg==,1956-07-24,Masculin,0725 634 030
828,1329,Popescu,Clarisa,SefNwUhWtE185CIrsS5BEQ==,2016-12-17,Feminin,0257 696 933
829,1330,Barbu,Jasmina,qZ9jszVcqghg1tYp2LFVvA==,2014-01-04,Feminin,0233 183 233
830,1331,Popescu,Floare,f8mvqoHIb9d257shTUz1Gw==,2006-06-19,Feminin,0256 270 816
831,1332,Barbu,Alex,Mm1+9tq6FWrsIMyCxQ0VAQ==,1956-10-23,Masculin,0746 527 067
832,1333,Dobre,Leana,G7gnyTLzZcxxlvqJOPQofA==,2003-03-16,Feminin,0232 858 946
833,1334,Albu,Gina,MT7VIo0OX09V2r/gNgXDRA==,1979-09-09,Feminin,0770 848 331
834,1335,Manole,Anuța,ejVCX/T3tjxCU55SJ8GFTw==,1939-05-01,Feminin,0724 511 010
835,1336,Ionescu,Cornel,cvNU/0n9LPh+fLaMd5IOag==,1949-03-21,Masculin,0722 455 412
836,1337,Popescu,Eusebia,zFX4KzW+00qFZaCuUmYhGw==,1982-01-22,Feminin,0241 461 219
837,1338,Nemeș,Gențiana,ZmWYrwDrm9qsgx+bQuJDdA==,1931-05-06,Feminin,0770 495 080
838,1339,Diaconescu,Patricia,4C3sdmrMdYsgpwTzHlGnzg==,1975-12-19,Feminin,0770 080 804
839,1340,Tudor,Romanița,wI2t/O0My//PtgGDWSFdpA==,1986-12-21,Feminin,0768 946 698
840,1341,Ionescu,Flaviu,/CKbp3qfXn86JPMT+xKNOw==,1981-11-04,Masculin,0245 638 337
841,1342,Niță,Lucențiu,PIt51fwHAPQWadYuVP/D0A==,1972-12-21,Masculin,0739 058 152
842,1343,Georgescu,Marcela,eQTv9HQ7L9stvYCcWC91pA==,1950-12-19,Feminin,0253 446 374
843,1344,Stoica,Dumitrana,9E85Nnzk2+m30LOLvnQAtA==,1967-07-09,Feminin,0251 224 843
844,1345,Ene,Jean,wn0m/PReb832X5LdRgyzBQ==,1969-10-17,Masculin,0738 580 384
845,1346,Suciu,Adina,9BQHfhS/TZL6uWp4uVLqFw==,1933-09-28,Feminin,0245 136 890
846,1347,Oprea,Pătru,asm6fug+Gx/itoo0grz7/Q==,1940-05-28,Masculin,0785 894 630
847,1348,Tomescu,Arsenie,y187aLsJ1D7mNQnzcsXrXw==,1945-12-11,Masculin,0245 345 575
848,1349,Niță,Aurora,A/vl8x9+L44ZlnYm5Qra2w==,2015-09-03,Feminin,0751 409 595
849,1350,Popa,Gregorian,4ZqwaiH65zBjEY35zcYxZw==,2020-04-07,Masculin,0734 394 041
850,1351,Tomescu,Eva,20RdFmxQm8vKd+m1OJoz8g==,2011-05-21,Feminin,0257 758 476
851,1352,Nemeș,Brăduț,gjrV0OtuJxYVbxgZTPft9A==,1946-07-26,Masculin,0722 845 129
852,1353,Voinea,Ghenadie,vSs9GUfkU/Pd15ql9fCRNw==,1969-01-30,Masculin,0257 681 306
853,1354,Tudor,Romulus,SaOTNlGHFdgCwan1CKVxpQ==,1998-06-04,Masculin,0771 494 161
854,1355,Ioniță,Lică,8oEFmzES8vzKxEYY0CeDiA==,1988-06-11,Masculin,0758 768 421
855,1356,Florea,Renata,Il+qky0BR+HZW9RictlCQA==,1944-05-25,Feminin,0243 893 771
856,1357,Manole,Gheorghiță,qltc529WXL6zatzxABLqlQ==,1965-03-31,Masculin,0761 853 880
857,1358,Ardelean,Aristița,dQwhqGAiabdDQ8rUfsichg==,1958-06-16,Feminin,0760 431 092
858,1359,Toma,Măriuca,CM8SLC1PET7lEY9yErGdaQ==,1931-10-24,Feminin,0252 741 525
859,1360,Popescu,Dorin,+W7h6wjxf4rJTQ+CR4Nz/A==,1974-10-10,Masculin,0735 262 983
860,1361,Preda,Domnica,SxHkWOSjku5K2v4QD3rDUA==,1980-03-25,Feminin,0720 036 872
861,1362,Ene,Tudosia,H5aOxjszEcyfKxiqvQ6gow==,2000-03-23,Feminin,0269 088 958
862,1363,Ardelean,Amza,e4DN8f1Hf2+bT/N3HF8RAQ==,1947-11-24,Masculin,0751 769 281
863,1364,Florea,Anastasia,IwiGamv+8jJPSdQksovq7A==,1964-03-21,Feminin,0764 733 908
864,1365,Georgescu,Dragoș,RsGiRNdA/NB6tiU95xfZ7g==,1989-03-28,Masculin,0262 808 345
865,1366,Mocanu,Arian,H0uaLMEK5wJ81rXWM6XzCA==,1931-08-18,Masculin,0736 423 729
866,1367,Nistor,Bogdan,WYAr9xAdy9ZjxxmvT2KOlg==,2002-04-01,Masculin,0737 232 035
867,1368,Ene,Xenia,glqGr8Iowe3jPHaV5FXmgA==,1954-07-22,Feminin,0234 186 572
868,1369,Ionescu,Cleopatra,RpI7MNYjljUyvEf8NsnggA==,1984-03-27,Feminin,0265 031 421
869,1370,Marin,Beniamin,FovVv2FcxEzx8TI23Zu/NA==,1936-05-26,Masculin,0735 918 606
870,1371,Stancu,Maxim,qa1+2JbY4OCCn2+1VcCdCA==,1975-03-09,Masculin,0269 853 846
871,1372,Pop,Petruța,8JtLmUY4SvWiKGPmQMKrLg==,1991-08-25,Feminin,0232 260 059
872,1373,Nemeș,Julieta,aaGkt5weN08DTPw+v1FrkA==,2012-12-06,Feminin,0743 046 024
873,1374,Florea,Șerban,VzapsW+J7gPidPSZ1OPCCA==,1950-12-23,Masculin,0741 081 725
874,1375,Eftimie,Maxim,+6uEFokzv0Z2tU5iAen80w==,1983-05-18,Masculin,0764 843 687
875,1376,Ene,Mioara,sPR1Qk0KjF82FeOIKYK6hg==,2002-01-01,Feminin,0755 087 119
876,1377,Suciu,Larisa,iy0WoFtJ7PsibfCdCEDpAw==,1934-05-15,Feminin,0231 682 511
877,1378,Barbu,Lăcrămioara,sqYQOgrccD9tCzqG2KWAWQ==,1963-01-09,Feminin,0724 078 229
878,1379,Tudor,Alexandra,3RP/3VKLCW6wJAl+eZTKWw==,1996-02-24,Feminin,0267 335 222
879,1380,Preda,Steluța,vdmAGx41JOHecOsXPgzFBw==,2017-04-24,Feminin,0740 845 298
880,1381,Ardelean,Codruța,CWPYHJLaJqfKJBIBVbYcmQ==,1977-01-28,Feminin,0772 782 963
881,1382,Tabacu,Grigore,VLnTB5ABxoSBTyD48unORg==,1989-01-18,Masculin,0753 820 282
882,1383,Dochioiu,Mircea,nnsmutuP2pTKkBr2YLSvJQ==,1967-12-09,Masculin,0722 643 505
883,1384,Marin,Rafael,5Ue44P+1eBlh8uSIm8tkDQ==,1982-04-12,Masculin,0733 592 836
884,1385,Stoica,Andrei,v2LqGmZ0mL7qYNyajN9zCw==,1966-10-14,Masculin,0785 695 528
885,1386,Florea,Rebeca,CHYvoANDLF7N8vgyRU4sdw==,1966-01-25,Feminin,0723 925 204
886,1387,Preda,Aglaia,plzhF9nU+hScq7zXjuLEog==,1952-03-14,Feminin,0764 318 886
887,1388,Diaconescu,Andrian,h0kTrF+f2Bx4CaWnv52H9A==,1956-08-31,Masculin,0248 801 818
888,1389,Dumitrescu,Tincuța,v5TVC40Ak751eCi7W9BAzg==,2019-03-02,Feminin,0748 822 242
889,1390,Oprea,Paraschiva,fXUFCuahAw2prMU1JaYKyA==,2002-05-07,Feminin,0742 160 193
890,1391,Popa,Leontina,uENAndW4z9G4GQBgccQbyg==,1970-04-23,Feminin,0740 075 532
891,1392,Stănescu,Corvin,K7PQ+o7LLQP4N0xs2+jKaQ==,1974-02-14,Masculin,0241 859 601
892,1393,Dinu,Teodor,XiJ2GQqiYemvpaPkSSUpUg==,1984-01-06,Masculin,0238 809 183
893,1394,Ionescu,Marius,QFGFLVnYj61RxogEYhTKpA==,1992-11-18,Masculin,0250 612 833
894,1395,Marin,Demetra,Kyn4tCvG/QPux+pYLqXSlg==,1934-11-28,Feminin,0253 858 793
895,1396,Popa,Pleșu,YAAcr0osyA8mY2se9gBRhQ==,1949-01-02,Masculin,0265 589 392
896,1397,Diaconu,Anatolie,8Um/ZtShmPsJHtYHH9oAJQ==,2010-06-27,Masculin,0246 895 245
897,1398,Ababei,Lică,rzhHfmTp5eR3PGklnj2IiQ==,1939-04-02,Masculin,0728 652 165
898,1399,Stancu,Filofteia,3YXuACS0h5bdYLGKIx9lcQ==,1937-03-27,Feminin,0720 599 574
899,1400,Popa,Nicolaie,ucLdGYHWCk5a91sBS51KHw==,1928-06-05,Masculin,0756 139 330
900,1401,Suciu,Artemisa,jtKonSadDBeTLQ+YSfz1vA==,1970-09-07,Feminin,0727 296 698
901,1402,Dinu,Arina,LNJ0qRv8Sezz9TUay9kUHA==,1955-06-11,Feminin,0756 388 026
902,1403,Toma,Georgeta,9ITlMpyp0d3+aOQXBqKXpA==,1948-11-22,Feminin,021 552 5758
903,1404,Tomescu,Bucur,8jdl8G7nFeR3CF6EyVSH3g==,1950-11-01,Masculin,0763 980 810
904,1405,Dinu,Bianca,CP/P4z3cOIlNqyPOCEaXzQ==,2002-03-05,Feminin,0788 917 833
905,1406,Stănescu,Aurel,Zm8bEbkRKXL8L55VufYfzQ==,1962-04-20,Masculin,0772 947 204
906,1407,Ababei,Aureliana,iHpDIvYM4HSNeKo2zIWTuA==,1955-09-09,Feminin,0750 530 909
907,1408,Dumitrescu,Doriana,l5spT6qHubbhclyHXa8amQ==,1952-04-26,Feminin,0269 103 684
908,1409,Dima,Vicenția,jJNvgJUNiu0uMcLfuQUWqg==,2008-05-29,Feminin,0266 557 560
909,1410,Tomescu,Pamfil,t/Crb5iYbC7hWepQb6YekA==,1987-12-31,Masculin,0729 836 422
910,1411,Pușcașu,Evanghelina,N+wLx4wLSv6CHlE4nBvBsg==,1967-06-15,Feminin,0730 269 421
911,1412,Toma,Evelina,Ru69e7kaIgkJS5KAb4zDxA==,1973-02-18,Feminin,0253 020 178
912,1413,Tabacu,Bănel,RDgrhKOT3NO7fyY0nQxYYQ==,1951-02-06,Masculin,0724 271 784
913,1414,Tabacu,Jan,zebmeNcxX63KHSjprPnHDA==,2009-10-11,Masculin,0739 939 178
914,1415,Stan,Petru,RIEoClm9Rle1VtczMfMq7Q==,1973-04-07,Masculin,0754 391 961
915,1416,Stancu,Adam,3BfQ9pLZLYUVbwaqd8MPMA==,1939-11-19,Masculin,0767 781 673
916,1417,Stan,Virginia,95PxGoQlK9BERYeOaFIEAw==,2005-04-15,Feminin,0265 007 521
917,1418,Stancu,Alice,iAYj/lrrfWU87ExXOxCHhg==,1991-06-29,Feminin,0741 195 220
918,1419,Dochioiu,Viorel,haBaF/h0h/xP1AjQZZXdKw==,1992-09-12,Masculin,0265 318 818
919,1420,Stancu,Emilian,EF1wEmSaRJMZwO7b2Dibyw==,1950-07-02,Masculin,0784 064 385
920,1421,Oprea,Ducu,72tSiwxVgvZ5FPdUbhP1Sw==,1927-08-02,Masculin,0772 231 735
921,1422,Suciu,Dorinel,Ro5tRWpglinuC61/xbNv2w==,1949-07-24,Masculin,0732 516 166
922,1423,Tomescu,Heracleea,IdfoNg4G/RFGdUi0ILkVQw==,1955-09-07,Feminin,0784 881 185
923,1424,Manole,Edgar,9uVyPNpIZLcrWR/X77ZItw==,1960-11-22,Masculin,0258 652 258
924,1425,Dumitrescu,Olivia,Lt0ZRYA8hg18ciLpGYqhLQ==,2016-04-03,Feminin,0768 756 340
925,1426,Dumitrescu,Rica,ocCMJgVtGqmd1DVJmk9wgQ==,1937-12-30,Feminin,0257 475 443
926,1427,Oprea,Anamaria,UGx7sIFPFfOQLlOavJSw1A==,1956-09-05,Feminin,0260 397 157
927,1428,Pop,Oliviu,UyB70cua3teiSuArSDmr2Q==,1961-03-21,Masculin,0736 919 670
928,1429,Stancu,Corina,1keokruNS6xuc6hFPSmgaA==,2010-07-26,Feminin,0765 584 772
929,1430,Diaconescu,Todor,iKBUXnZaOK5X2nnol0yCCA==,1939-12-03,Masculin,0233 534 829
930,1431,Mazilescu,Ortansa,vkUWcvFIuZRo6qHL4bJA9A==,1933-05-29,Feminin,0250 853 126
931,1432,Suciu,Dominic,sSXbaz4kzVXZxToeZM8fAA==,2017-05-02,Masculin,0738 267 093
932,1433,Ardelean,Catrina,95R+vNf/dmZ+zXNgFEdDdw==,2007-12-16,Feminin,0724 234 680
933,1434,Aanei,Jenel,6iCoYmpoVPQItEHTjrSfSA==,1986-01-11,Masculin,0769 178 417
934,1435,Dobre,Iuliu,jwXNHTCnyQOnVl46kj3d5g==,1998-09-13,Masculin,0745 978 438
935,1436,Voinea,Filip,FKM9SbKbTWc9rUy46qyzGg==,1960-02-23,Masculin,0241 620 802
936,1437,Eftimie,Cornel,YkwdJFv7Lzj/u5Z6FtEecw==,2010-02-03,Masculin,0266 118 384
937,1438,Mazilescu,Iulian,/qzt6BiPAtfslk2+EUM3vA==,1935-01-27,Masculin,0264 452 500
938,1439,Voinea,Sanda,BwW53Nm0tHAYFw/fFALQZw==,1935-05-08,Feminin,0237 034 443
939,1440,Dinu,Șerban,Roi5I7k08dPyj0E+Pb/VWA==,2006-05-08,Masculin,0258 081 438
940,1441,Tomescu,Cătălina,7SQaC2CIGyO/RIk9rqrapg==,1969-08-01,Feminin,0245 304 229
941,1442,Tudor,Mugur,khDF7DqfPC03OJ1bREhIcQ==,1999-01-29,Masculin,0246 160 570
942,1443,Dinu,Nicolaie,JbAYbP3XxTSVVk3w4eDrdg==,1938-02-13,Masculin,0771 164 816
943,1444,Niță,Cristofor,7YwIouKsStxE1rbo3fgZhQ==,1934-01-23,Masculin,0256 695 093
944,1445,Ene,Flaviu,GMD1RtM1VqY2jXabHYcGLw==,2010-12-10,Masculin,0784 970 780
945,1446,Eftimie,Leontin,GuM+TrFCDKS0PmUVwcQV+w==,1985-09-08,Masculin,0246 851 574
946,1447,Dobre,Mitică,NVVmneMj2h375wTN8pEC6g==,1977-01-08,Masculin,0724 585 873
947,1448,Georgescu,Ionuț,VTUH11ErCTSSo4ZP+wZVlQ==,1966-04-06,Masculin,0747 466 457
948,1449,Ionescu,Amelia,uTksjTzy/5AKpOLJLVggZA==,1946-01-19,Feminin,0751 281 409
949,1450,Mocanu,Voicu,AxoblpPfD3DZisC+vhL33g==,1951-01-20,Masculin,0734 109 140
950,1451,Popescu,Lorelei,NZzW7ZUErNLmBwCy+Fsl0w==,1941-08-25,Feminin,0265 682 273
951,1452,Mocanu,Cipriana,gB0+Bx8weOcJUBCwg0E8hg==,1936-08-27,Feminin,0755 456 160
952,1453,Dima,Maricica,vG2qzjgfw3xH0VYrJvBskg==,1949-01-07,Feminin,0749 465 809
953,1454,Suciu,Victoria,nPo2B5EuAZeg3yemWYgJsA==,1954-07-18,Feminin,0767 345 921
954,1455,Stănescu,Octaviu,uHs0GYVxxq0sfgWT+XExag==,1943-06-28,Masculin,0266 264 489
955,1456,Nistor,Casian,NTx3u6EKbrwSqVULbWzoAA==,1972-04-12,Masculin,0751 196 163
956,1457,Voinea,Claudiu,VKMocIDx0jMsr4MQFAfNfw==,1981-03-20,Masculin,0759 205 302
957,1458,Diaconescu,Edmond,qRNwsEay7PbDFDq2LqvsrQ==,1996-12-11,Masculin,0246 982 828
958,1459,Florea,Zeno,t/BzozYNlugYuYJ8b3167A==,1951-05-18,Masculin,0260 467 239
959,1460,Stan,Ștefania,5tI0UI22d7Jo7Pe1rcx+zQ==,1984-04-02,Feminin,0726 526 690
960,1461,Popescu,Anabela,Q1NtoWgIVe91ZORjrLzakQ==,2009-03-23,Feminin,0267 097 217
961,1462,Voinea,Alistar,fTXlXlyPs4u24nvQzkgftg==,1978-08-21,Masculin,0740 256 339
962,1463,Niță,Lidia,eyy+c9Ms9HWBKQqx/IJSsA==,1927-07-08,Feminin,0239 046 952
963,1464,Dima,Stanca,q8LiSSHx3dBoipQmbFhXew==,1997-07-04,Feminin,0253 286 050
964,1465,Albu,Steliana,DIzMec5LcF/5jaAhTy073w==,1955-09-09,Feminin,0237 883 253
965,1466,Dobre,Dorin,k0fpiJZ6vZBOANi7zWks7A==,2003-05-12,Masculin,0741 555 435
966,1467,Dima,Bănel,+HItsoYhP/q1ouAkkEYBFQ==,1935-04-21,Masculin,0711 734 218
967,1468,Dochioiu,Ionela,gmJaDZ8WHtae4EabxIEFJw==,2004-08-20,Feminin,0750 347 530
968,1469,Toma,Dinu,9aKcjCeGqwV7L4vYyLy2Kg==,1992-07-16,Masculin,0235 946 919
969,1470,Nistor,Cazimir,yXtbEBcCgd4OkZYHEeUIvw==,1945-11-02,Masculin,0266 641 534
970,1471,Nemeș,Gabriela,EW1zxZ3L6O7qxQIeQXTANQ==,1951-03-09,Feminin,0750 260 641
971,1472,Dobre,Dorin,GWryLOMmo5PCiKtQvKR1BA==,1941-10-11,Masculin,0256 764 029
972,1473,Stan,Dochia,ELMqObTZmdnXm3tiqJCkaA==,2003-01-19,Feminin,0242 621 297
973,1474,Mocanu,Denisa,JJNQyqb4IUmEXYLKDX2DCw==,1959-08-09,Feminin,0768 557 595
974,1475,Aanei,Georgian,isENprajot7MlxWly8f5NA==,1980-08-09,Masculin,0257 082 318
975,1476,Diaconescu,Paraschiva,O85uJ8OJzvsJ1oZe+B9hPA==,1998-06-01,Feminin,0240 372 484
976,1477,Mazilescu,Paula,+uHLNVgOF7Yb4bjBNKyEuA==,1933-02-11,Feminin,0232 798 266
977,1478,Dumitrescu,Crin,NXiztrGg19SWD6NirZanAA==,1960-02-06,Masculin,0727 911 960
978,1479,Marin,Blanduzia,HDZp64gK5pNhJ3rcsMaO0w==,1976-09-10,Feminin,0771 248 824
979,1480,Popescu,Frusina,k/x4pQhZkvFKxvHRW3jUTw==,1931-05-22,Feminin,0263 358 979
980,1481,Dumitrescu,Pompilia,BgY1T20kM+DB1Y4735H3ug==,1983-04-28,Feminin,0241 682 573
981,1482,Aanei,Svetlana,lQZ9gEBj2OFfFOKA+Zm2Yw==,1961-08-01,Feminin,0729 045 776
982,1483,Stoica,Atena,DQd0IVT4l7tyarO/ApLcGQ==,1989-04-18,Feminin,0243 831 274
983,1484,Dobre,Zoe,m67E1k9USLvYtDHbPlWzww==,1928-02-16,Feminin,0753 539 064
984,1485,Stoica,Mugurel,yC4G9gOQf/Sf41eP1GGbDw==,1982-10-20,Masculin,0744 554 623
985,1486,Eftimie,Mugur,U1Cgymb4j8X7VVziTarYzQ==,1989-04-24,Masculin,0243 042 206
986,1487,Georgescu,Mugurel,ZiQmtYY0raoPduq6Z9dcvQ==,1978-05-16,Masculin,0255 998 050
987,1488,Preda,Mona,Doj5unHsZzXqCiZTp7lI9A==,1944-07-28,Feminin,0242 825 006
988,1489,Pușcașu,Niculina,Hy1TOeS4wLI0fO4/vIdr9Q==,1983-09-05,Feminin,0780 272 934
989,1490,Marin,Vladimir,tCLUcn4jHQaVcHAOVSYw/w==,1976-04-04,Masculin,0755 144 136
990,1491,Pușcașu,Vasilica,gle0wLtpaoPOVz2X6FuKag==,1934-10-06,Feminin,0732 476 945
991,1492,Aanei,Robert,03nkiXu7j00jN/IYtLXnjg==,1951-08-08,Masculin,0733 062 530
992,1493,Popa,Eric,rHuX13tn1IJNY367VRYeqg==,1965-05-25,Masculin,0724 486 032
993,1494,Oprea,Dida,9jAVtPXtxqnEAHeRKx+Ydw==,1936-05-05,Feminin,0247 675 281
994,1495,Suciu,Eduard,YGasfPKdZT4ZCYQr38lS0A==,2017-05-28,Masculin,0731 387 396
995,1496,Oprea,Aurică,zV0FYNhYTRHgiwIFq6CBkQ==,1980-01-21,Masculin,0257 430 541
996,1497,Albu,Antoaneta,ETjqi3QOHsepFulUKPk63g==,2021-03-08,Feminin,0751 461 236
997,1498,Suciu,Mona,f4FNFZDtPCPww+VQrxIKmw==,1984-12-05,Feminin,0231 010 568
998,1499,Stancu,Marcu,wu7TS+1tBADKHrm0zHX5zQ==,2004-04-17,Masculin,0729 003 213
999,1500,Eftimie,Lia,uyMAM9aAUSB1p8kWLgd9nw==,1968-09-17,Feminin,0762 255 959
1000,1501,Ababei,Mihai,c9dXzJWZCO31QvfHHJhDtA==,1974-11-06,Masculin,0728 978 739
